country,year,gdp,debt_hh,debt_corp,debt_gov,debt_hh_lag1,debt_corp_lag1,debt_gov_lag1,growth
Australia,1996,542.4,56.57,59.33,29.35,,,,
Australia,1997,573.07,59.98,61.28,25.91,56.57,59.33,29.35,5.500413667599968
Australia,1998,606.13,63.55,62.99,23.7,59.98,61.28,25.91,5.60866112128382
Australia,1999,638.38,67.93,63.9,22.54,63.55,62.99,23.7,5.18392328090318
Australia,2000,687.43,70.18,68.72,19.5,67.93,63.9,22.54,7.402628885103013
Australia,2001,730.49,73.88,65.36,17.11,70.18,68.72,19.5,6.075553566803471
Australia,2002,782.37,81.39,63.69,15.01,73.88,65.36,17.11,6.86122325840719
Australia,2003,830.19,90.62,62.04,13.19,81.39,63.69,15.01,5.932681582890975
Australia,2004,894.33,96.79,61.93,11.91,90.62,62.04,13.19,7.4420244323389895
Australia,2005,964.21,101.33,67.78,10.86,96.79,61.93,11.91,7.5234278630511575
Australia,2006,1039.95,106.11,72.42,9.94,101.33,67.78,10.86,7.561880084660633
Australia,2007,1133.01,109.17,78.25,9.67,106.11,72.42,9.94,8.57051730577778
Australia,2008,1235.36,107.25,80.78,11.74,109.17,78.25,9.67,8.64846174461178
Australia,2009,1264.78,112.2,74.16,16.62,107.25,80.78,11.74,2.3535768433010418
Australia,2010,1364.46,111.11,66.82,20.35,112.2,74.16,16.62,7.586055195787722
Australia,2011,1468.21,109.01,64.35,24.04,111.11,66.82,20.35,7.328522576325636
Australia,2012,1515.87,109.89,65.59,27.52,109.01,64.35,24.04,3.1945559831864756
Australia,2013,1569.45,112.19,69.21,30.47,109.89,65.59,27.52,3.4735707948652106
Australia,2014,1613.99,115.87,70.94,34.04,112.19,69.21,30.47,2.7984134528669102
Australia,2015,1639.52,120.98,76.17,37.73,115.87,70.94,34.04,1.5694142027572688
Australia,2016,1697.37,123.76,75.14,40.62,120.98,76.17,37.73,3.4676478238195863
Australia,2017,1801.2,123.03,71.11,41.2,123.76,75.14,40.62,5.937311513781296
Australia,2018,1894.25,122.26,71.57,41.76,123.03,71.11,41.2,5.0369872384066205
Australia,2019,1993.43,118.98,70.58,46.72,122.26,71.57,41.76,5.103379127251895
Australia,2020,1973.59,122.34,69.42,57.09,118.98,70.58,46.72,-1.0002553764545397
Australia,2021,2202.57,117.69,63.73,55.54,122.34,69.42,57.09,10.977064105167322
Australia,2022,2482.84,110.7,60.06,50.22,117.69,63.73,55.54,11.977820588118693
Australia,2023,2620.92,109.82,59.14,48.97,110.7,60.06,50.22,5.412233490400364
Australia,2024,2722.07,112.15,60.84,49.83,109.82,59.14,48.97,3.786721910944202
Austria,1996,181.54,43.98,70.49,68.18,,,,
Austria,1997,187.78,44.09,74.82,63.37,43.98,70.49,68.18,3.379504973192038
Austria,1998,195.27,43.42,76.36,69.2,44.09,74.82,63.37,3.9112151422004082
Austria,1999,203.07,45.45,80.27,61.34,43.42,76.36,69.2,3.9167530936220274
Austria,2000,212.41,45.24,87.77,66.11,45.45,80.27,61.34,4.496762205016758
Austria,2001,219.37,45.51,89.24,67.24,45.24,87.77,66.11,3.2241432698802974
Austria,2002,225.09,46.39,88.07,67.44,45.51,89.24,67.24,2.5740520288151103
Austria,2003,230.54,46.87,90.13,66.41,46.39,88.07,67.44,2.3924060947119408
Austria,2004,240.54,47.89,86.98,65.91,46.87,90.13,66.41,4.246201270960359
Austria,2005,252.36,52.18,87.11,69.43,47.89,86.98,65.91,4.7970243620138575
Austria,2006,265.93,52.71,84.08,68.18,52.18,87.11,69.43,5.237647675223833
Austria,2007,282.21,51.86,89.03,65.81,52.71,84.08,68.18,5.941835839712262
Austria,2008,291.85,52.4,90.71,69.53,51.86,89.03,65.81,3.3588496997830397
Austria,2009,286.27,53.69,91.93,80.75,52.4,90.71,69.53,-1.9304550226442174
Austria,2010,294.05,54.77,93.22,83.65,53.69,91.93,80.75,2.6814399482606888
Austria,2011,308.17,53.4,92.41,83.36,54.77,93.22,83.65,4.6901757852257475
Austria,2012,316.59,52.16,91.87,82.94,53.4,92.41,83.36,2.695598259288623
Austria,2013,321.19,51.73,96.74,82.43,52.16,91.87,82.94,1.442528698653689
Austria,2014,330.11,51.57,93.09,85.21,51.73,96.74,82.43,2.7393083913000993
Austria,2015,342.08,51.31,92.71,85.61,51.57,93.09,85.21,3.561869558603359
Austria,2016,355.67,50.99,92.71,83.42,51.31,92.71,85.61,3.8958706824273825
Austria,2017,367.29,50.23,92.57,79.06,50.99,92.71,83.42,3.2148392092979705
Austria,2018,383.23,49.51,93.31,74.59,50.23,92.57,79.06,4.248360437862697
Austria,2019,395.71,49.39,93.05,71.01,49.51,93.31,74.59,3.204628860995218
Austria,2020,380.32,52.8,100.14,83.18,49.39,93.05,71.01,-3.9668616130628997
Austria,2021,406.23,51.69,101.36,82.39,52.8,100.14,83.18,6.590649805095872
Austria,2022,448.19,48.3,92.91,78.34,51.69,101.36,82.39,9.829774798698487
Austria,2023,473.85,44.94,88.88,78.4,48.3,92.91,78.34,5.567356626637654
Austria,2024,481.74,44.01,89.0,81.21,44.94,88.88,78.4,1.6513733508443096
Belgium,1996,214.29,39.4,71.05,129.0,,,,
Belgium,1997,224.1,40.26,77.3,124.27,39.4,71.05,129.0,4.476214297189074
Belgium,1998,232.62,41.75,82.0,119.19,40.26,77.3,124.27,3.7313840104011398
Belgium,1999,242.31,42.09,94.18,115.36,41.75,82.0,119.19,4.081167721142176
Belgium,2000,256.38,40.79,105.41,109.59,42.09,94.18,115.36,5.644282076167428
Belgium,2001,264.34,39.11,113.06,108.22,40.79,105.41,109.59,3.0575434445671235
Belgium,2002,273.26,39.35,109.83,105.44,39.11,113.06,108.22,3.318756958068203
Belgium,2003,281.2,39.54,116.12,101.66,39.35,109.83,105.44,2.8642437026167755
Belgium,2004,296.82,40.52,118.0,97.17,39.54,116.12,101.66,5.405973453116264
Belgium,2005,310.04,43.3,113.56,95.14,40.52,118.0,97.17,4.357542694563854
Belgium,2006,325.15,45.52,113.55,91.49,43.3,113.56,95.14,4.758529290184921
Belgium,2007,343.62,47.09,122.99,87.32,45.52,113.55,91.49,5.524978131866032
Belgium,2008,351.74,49.87,142.22,93.16,47.09,122.99,87.32,2.335587067439704
Belgium,2009,347.74,52.09,148.6,99.85,49.87,142.22,93.16,-1.143719220857431
Belgium,2010,363.24,52.98,136.42,100.25,52.09,148.6,99.85,4.360869872198414
Belgium,2011,378.75,54.99,143.21,102.74,52.98,136.42,100.25,4.181258400195098
Belgium,2012,387.94,55.42,147.78,104.33,54.99,143.21,102.74,2.397433166656704
Belgium,2013,394.62,56.11,148.04,105.02,55.42,147.78,104.33,1.707258805116929
Belgium,2014,404.96,57.89,146.54,106.52,56.11,148.04,105.02,2.5865020255499083
Belgium,2015,415.54,58.56,149.21,105.53,57.89,146.54,106.52,2.5790582419825903
Belgium,2016,428.47,58.97,169.75,105.4,58.56,149.21,105.53,3.0641844701651877
Belgium,2017,443.41,59.55,157.02,102.4,58.97,169.75,105.4,3.427412600915325
Belgium,2018,459.49,59.72,151.35,99.98,59.55,157.02,102.4,3.5622328845847484
Belgium,2019,479.45,60.86,150.74,97.46,59.72,151.35,99.98,4.252243482639795
Belgium,2020,463.75,65.33,155.64,111.1,60.86,150.74,97.46,-3.3293999678045694
Belgium,2021,506.02,63.06,143.91,108.37,65.33,155.64,111.1,8.723058027640107
Belgium,2022,563.54,59.55,131.47,102.56,63.06,143.91,108.37,10.766212167818079
Belgium,2023,596.32,57.63,125.68,103.12,59.55,131.47,102.56,5.65391198547216
Belgium,2024,614.54,57.35,122.48,104.47,57.63,125.68,103.12,3.009658472865606
Canada,1996,859.83,61.13,80.92,100.24,,,,
Canada,1997,906.93,61.98,83.14,95.27,61.13,80.92,100.24,5.333057433974453
Canada,1998,940.55,64.3,87.0,93.29,61.98,83.14,95.27,3.6399540910499795
Canada,1999,1007.93,63.27,81.34,88.97,64.3,87.0,93.29,6.918919123646283
Canada,2000,1106.07,61.34,82.6,80.44,63.27,81.34,88.97,9.291446944322868
Canada,2001,1144.54,62.77,87.83,81.46,61.34,82.6,80.44,3.418961732289194
Canada,2002,1193.69,64.94,89.81,79.6,62.77,87.83,81.46,4.204654021005627
Canada,2003,1254.75,66.82,84.6,75.91,64.94,89.81,79.6,4.98869997833733
Canada,2004,1335.73,69.61,84.13,71.89,66.82,84.6,75.91,6.254160932905517
Canada,2005,1421.59,72.26,77.42,70.64,69.61,84.13,71.89,6.229800462408441
Canada,2006,1496.6,75.9,78.26,69.92,72.26,77.42,70.64,5.141990515807571
Canada,2007,1577.66,80.73,81.12,67.18,75.9,78.26,69.92,5.274686793325856
Canada,2008,1657.04,83.47,83.97,70.36,80.73,81.12,67.18,4.909014156775093
Canada,2009,1571.33,94.91,88.33,81.8,83.47,83.97,70.36,-5.311048366223847
Canada,2010,1666.05,94.86,85.12,83.98,94.91,88.33,81.8,5.853316079620985
Canada,2011,1774.06,93.99,85.41,84.29,94.86,85.12,83.98,6.281514988781645
Canada,2012,1827.2,95.26,89.54,87.15,93.99,85.41,84.29,2.95140352926353
Canada,2013,1902.25,95.4,94.92,87.61,95.26,89.54,87.15,4.025265559494162
Canada,2014,1994.9,95.14,99.0,85.54,95.4,94.92,87.61,4.7556527697732776
Canada,2015,1990.44,100.71,108.59,92.03,95.14,99.0,85.54,-0.2238203948413897
Canada,2016,2025.54,104.18,109.58,92.4,100.71,108.59,92.03,1.7480611852119132
Canada,2017,2140.64,103.6,109.99,90.94,104.18,109.58,92.4,5.526851806723876
Canada,2018,2235.68,103.04,113.01,90.78,103.6,109.99,90.94,4.344058260682893
Canada,2019,2313.56,103.52,117.64,90.21,103.04,113.01,90.78,3.4242031409544182
Canada,2020,2220.53,112.13,132.37,118.07,103.52,117.64,90.21,-4.10415576301757
Canada,2021,2535.82,105.55,125.15,112.62,112.13,132.37,118.07,13.277115000857709
Canada,2022,2850.94,100.19,114.99,104.21,105.55,125.15,112.62,11.713170832385256
Canada,2023,2933.81,100.6,117.46,107.71,100.19,114.99,104.21,2.865315515255684
Canada,2024,3069.08,100.07,118.03,110.77,100.6,117.46,107.71,4.507592280634309
Chile,1996,32393.86,22.63,90.42,14.58,,,,
Chile,1997,35946.99,22.63,90.42,12.78,22.63,90.42,14.58,10.407645459567583
Chile,1998,37741.62,22.63,90.42,12.12,22.63,90.42,12.78,4.871811103480361
Chile,1999,38461.78,22.63,90.42,13.28,22.63,90.42,12.12,1.8901556643577067
Chile,2000,42215.03,22.63,90.42,13.15,22.63,90.42,13.28,9.311129782814831
Chile,2001,45409.05,22.63,90.42,14.35,22.63,90.42,13.15,7.29351056198464
Chile,2002,48428.96,22.63,90.42,15.05,22.63,90.42,14.35,6.4386557502837505
Chile,2003,52897.34,23.5,77.26,12.57,22.63,90.42,15.05,8.825507215435024
Chile,2004,60391.76,25.17,68.46,10.31,23.5,77.26,12.57,13.249961774701191
Chile,2005,68467.94,26.33,64.12,7.04,25.17,68.46,10.31,12.551293471811853
Chile,2006,81577.53,26.39,61.28,5.02,26.33,64.12,7.04,17.518824989112147
Chile,2007,90159.48,29.03,63.18,3.9,26.39,61.28,5.02,10.00262457881167
Chile,2008,93867.12,32.63,78.86,4.92,29.03,63.18,3.9,4.030006295908173
Chile,2009,96138.48,33.91,76.18,5.84,32.63,78.86,4.92,2.390948691458128
Chile,2010,110777.87,32.58,70.13,8.61,33.91,76.18,5.84,14.173737305861422
Chile,2011,121509.3,33.81,75.36,11.13,32.58,70.13,8.61,9.24637779384323
Chile,2012,129973.39,35.34,80.48,11.94,33.81,75.36,11.13,6.733893413436398
Chile,2013,137309.19,37.28,87.24,12.78,35.34,80.48,11.94,5.490550706018027
Chile,2014,147951.29,39.36,96.94,15.02,37.28,87.24,12.78,7.464785371434424
Chile,2015,158622.9,41.26,104.26,17.37,39.36,96.94,15.02,6.9646589206147524
Chile,2016,168764.69,42.43,100.36,21.1,41.26,104.26,17.37,6.197569063946595
Chile,2017,179314.91,43.79,93.74,23.65,42.43,100.36,21.1,6.063815605864065
Chile,2018,189434.87,45.83,97.54,25.8,43.79,93.74,23.65,5.490173764044748
Chile,2019,195531.72,48.12,106.05,28.33,45.83,97.54,25.8,3.167734538880751
Chile,2020,201257.75,48.27,109.56,32.38,48.12,106.05,28.33,2.886380797038335
Chile,2021,239418.12,44.94,101.79,36.45,48.27,109.56,32.38,17.36250546086673
Chile,2022,263065.44,46.42,97.87,37.91,44.94,101.79,36.45,9.419134303701071
Chile,2023,281857.49,46.34,95.74,39.42,46.42,97.87,37.91,6.8998766073852025
Chile,2024,311630.88,44.81,94.21,41.98,46.34,95.74,39.42,10.041782190493187
Colombia,1996,120383.44,16.49,30.94,23.28,,,,
Colombia,1997,145481.5,15.37,38.69,25.25,16.49,30.94,23.28,18.93669488744827
Colombia,1998,167925.73,15.1,39.14,27.44,15.37,38.69,25.25,14.347286756101774
Colombia,1999,181171.02,13.56,40.22,33.97,15.1,39.14,27.44,7.591964872099588
Colombia,2000,207268.0,9.71,37.42,37.97,13.56,40.22,33.97,13.457119482921343
Colombia,2001,224483.0,9.29,37.01,41.08,9.71,37.42,37.97,7.978733861189191
Colombia,2002,243837.0,10.21,38.26,47.53,9.29,37.01,41.08,8.269998878860996
Colombia,2003,270695.0,9.76,34.51,45.02,10.21,38.26,47.53,10.449275654498535
Colombia,2004,305896.0,11.24,29.5,41.47,9.76,34.51,45.02,12.2252449084705
Colombia,2005,337957.0,12.95,26.7,38.53,11.24,29.5,41.47,9.96734935524124
Colombia,2006,381604.0,14.25,27.5,35.97,12.95,26.7,38.53,12.146475324439443
Colombia,2007,428506.0,16.48,26.96,32.66,14.25,27.5,35.97,11.592131857403665
Colombia,2008,476554.0,16.42,27.17,32.38,16.48,26.96,32.66,10.627630273766897
Colombia,2009,501574.0,17.51,27.71,35.39,16.42,27.17,32.38,5.11701108333007
Colombia,2010,544060.0,18.7,30.17,36.5,17.51,27.71,35.39,8.130838104714577
Colombia,2011,619023.0,20.09,30.21,35.78,18.7,30.17,36.5,12.90828938070252
Colombia,2012,666508.0,21.62,29.03,33.97,20.09,30.21,35.78,7.39097138488134
Colombia,2013,714094.0,22.94,31.67,37.59,21.62,29.03,33.97,6.89624637877202
Colombia,2014,762903.0,24.15,36.36,43.32,22.94,31.67,37.59,6.6116287116603445
Colombia,2015,804692.0,26.87,41.1,50.37,24.15,36.36,43.32,5.332870205772622
Colombia,2016,863782.0,26.25,37.87,49.9,26.87,41.1,50.37,7.086082664297422
Colombia,2017,920471.0,26.96,35.33,49.45,26.25,37.87,49.9,6.356507340729323
Colombia,2018,987791.0,27.65,34.32,51.76,26.96,35.33,49.45,7.058564134911727
Colombia,2019,1060068.0,29.08,31.56,50.97,27.65,34.32,51.76,7.061719908301178
Colombia,2020,998471.0,32.38,37.55,65.27,29.08,31.56,50.97,-5.986322712317538
Colombia,2021,1192634.0,30.07,34.14,64.42,32.38,37.55,65.27,17.76944765535724
Colombia,2022,1471079.0,28.45,32.3,61.3,30.07,34.14,64.42,20.98318386996656
Colombia,2023,1584562.0,26.95,30.59,55.46,28.45,32.3,61.3,7.431188330626171
Colombia,2024,1705323.0,25.71,29.19,61.28,26.95,30.59,55.46,7.344650716259338
Costa Rica,1996,2425.73,13.36,30.81,26.09,,,,
Costa Rica,1997,2934.16,13.36,30.81,26.09,13.36,30.81,26.09,19.02887012780221
Costa Rica,1998,3519.45,13.36,30.81,26.09,13.36,30.81,26.09,18.188351610711706
Costa Rica,1999,4072.33,13.36,30.81,26.09,13.36,30.81,26.09,14.591058982022176
Costa Rica,2000,4627.05,13.36,30.81,26.09,13.36,30.81,26.09,12.7704198782439
Costa Rica,2001,5254.08,13.36,30.81,26.09,13.36,30.81,26.09,12.708540163716364
Costa Rica,2002,5965.39,14.95,32.49,26.09,13.36,30.81,26.09,12.696951716253402
Costa Rica,2003,6885.56,15.86,29.37,26.09,14.95,32.49,26.09,14.345203030714515
Costa Rica,2004,8150.14,17.01,26.95,26.09,15.86,29.37,26.09,16.86086399081379
Costa Rica,2005,9577.02,18.13,27.75,26.09,17.01,26.95,26.09,16.13313738545976
Costa Rica,2006,11613.32,18.74,29.63,26.09,18.13,27.75,26.09,19.27862363359658
Costa Rica,2007,13889.05,21.63,33.99,26.09,18.74,29.63,26.09,17.894804468889447
Costa Rica,2008,16208.97,25.13,35.39,26.09,21.63,33.99,26.09,15.446403280590815
Costa Rica,2009,17626.15,24.22,30.53,26.09,25.13,35.39,26.09,8.381880209200077
Costa Rica,2010,19802.01,22.77,27.83,28.2,24.22,30.53,26.09,11.639985290297972
Costa Rica,2011,21623.52,23.9,31.06,29.99,22.77,27.83,28.2,8.799816346981792
Costa Rica,2012,23752.87,24.8,29.98,34.12,23.9,31.06,29.99,9.39217541155859
Costa Rica,2013,25462.95,26.02,32.24,35.39,24.8,29.98,34.12,6.952108916026489
Costa Rica,2014,28001.33,27.17,33.93,37.84,26.02,32.24,35.39,9.50275546017565
Costa Rica,2015,30171.92,28.22,33.9,40.2,27.17,33.93,37.84,7.465968147582025
Costa Rica,2016,32056.29,29.65,35.37,44.39,28.22,33.9,40.2,6.058172943831686
Costa Rica,2017,34343.65,30.45,35.08,47.43,29.65,35.37,44.39,6.892371990045909
Costa Rica,2018,36014.72,30.95,35.5,52.26,30.45,35.08,47.43,4.751060391100559
Costa Rica,2019,37832.15,29.65,32.71,56.92,30.95,35.5,52.26,4.923152645843842
Costa Rica,2020,36495.25,31.33,35.57,67.38,29.65,32.71,56.92,-3.597715509756405
Costa Rica,2021,40326.63,28.87,33.56,68.14,31.33,35.57,67.38,9.982992963545634
Costa Rica,2022,44810.03,27.14,31.56,63.5,28.87,33.56,68.14,10.54199535221958
Costa Rica,2023,47059.27,26.56,28.99,61.6,27.14,31.56,63.5,4.897587277546123
Costa Rica,2024,49115.93,26.83,28.83,60.17,26.56,28.99,61.6,4.277555103305453
Czech Republic,1996,1840.56,7.68,61.67,11.51,,,,
Czech Republic,1997,1982.42,7.68,69.04,12.12,7.68,61.67,11.51,7.4248447480548485
Czech Republic,1998,2168.88,6.86,59.36,13.88,7.68,69.04,12.12,8.989258465654881
Czech Republic,1999,2267.28,7.33,57.77,15.09,6.86,59.36,13.88,4.436996986717823
Czech Republic,2000,2399.7,7.68,54.11,16.89,7.33,57.77,15.09,5.676285439389694
Czech Republic,2001,2591.57,8.07,47.72,22.6,7.68,54.11,16.89,7.692014012544401
Czech Republic,2002,2704.47,10.69,46.84,25.7,8.07,47.72,22.6,4.264208997822294
Czech Republic,2003,2833.2,11.4,40.67,28.06,10.69,46.84,25.7,4.65008552529147
Czech Republic,2004,3087.78,13.8,46.11,28.29,11.4,40.67,28.06,8.604557120394318
Czech Republic,2005,3288.49,16.44,43.61,27.68,13.8,46.11,28.29,6.2976106753264816
Czech Republic,2006,3530.25,18.98,45.56,27.56,16.44,43.61,27.68,7.094019711268551
Czech Republic,2007,3856.63,23.1,46.76,27.35,18.98,45.56,27.56,8.842505517847066
Czech Republic,2008,4037.56,25.7,51.26,28.15,23.1,46.76,27.35,4.584680397377561
Czech Republic,2009,3945.51,28.43,52.7,33.43,25.7,51.26,28.15,-2.3062325610716528
Czech Republic,2010,4032.95,28.49,54.38,36.7,28.43,52.7,33.43,2.19198945868051
Czech Republic,2011,4095.36,29.6,55.81,39.4,28.49,54.38,36.7,1.5356507433345712
Czech Republic,2012,4118.39,30.46,58.15,43.84,29.6,55.81,39.4,0.5607684760390086
Czech Republic,2013,4169.01,31.19,60.07,44.14,30.46,58.15,43.84,1.22162872632412
Czech Republic,2014,4377.99,30.03,59.42,41.55,31.19,60.07,44.14,4.89111173975143
Czech Republic,2015,4651.81,30.0,55.47,39.47,30.03,59.42,41.55,6.06666762239616
Czech Republic,2016,4843.03,30.84,56.31,36.23,30.0,55.47,39.47,4.028416673543234
Czech Republic,2017,5179.34,31.07,56.49,33.78,30.84,56.31,36.23,6.713707711679362
Czech Republic,2018,5475.77,31.41,59.26,31.68,31.07,56.49,33.78,5.565527005695792
Czech Republic,2019,5888.87,31.04,53.64,29.55,31.41,59.26,31.68,7.273122358039252
Czech Republic,2020,5828.32,33.24,54.6,36.88,31.04,53.64,29.55,-1.0335334494124382
Czech Republic,2021,6307.76,33.89,55.61,40.69,33.24,54.6,36.88,7.905182728298499
Czech Republic,2022,7049.87,31.88,55.58,42.52,33.89,55.61,40.69,11.1228555485404
Czech Republic,2023,7618.53,30.82,54.8,42.45,31.88,55.58,42.52,7.757426076469542
Czech Republic,2024,8008.21,30.84,57.1,42.99,30.82,54.8,42.45,4.988382774275912
Denmark,1996,1087.15,69.79,76.83,68.32,,,,
Denmark,1997,1144.17,72.55,78.73,64.39,69.79,76.83,68.32,5.111989021718255
Denmark,1998,1185.22,76.25,74.42,60.32,72.55,78.73,64.39,3.5248928047847627
Denmark,1999,1240.98,75.84,74.84,56.79,76.25,74.42,60.32,4.59729786931895
Denmark,2000,1325.98,75.78,81.66,53.55,75.84,74.84,56.79,6.6250418636512265
Denmark,2001,1372.28,80.52,92.66,50.1,75.78,81.66,53.55,3.4321781420859843
Denmark,2002,1411.48,84.81,85.47,50.32,80.52,92.66,50.1,2.816520917308374
Denmark,2003,1438.89,90.26,87.24,48.16,84.81,85.47,50.32,1.9233183722195513
Denmark,2004,1509.67,94.39,91.89,46.22,90.26,87.24,48.16,4.8019100886661725
Denmark,2005,1590.08,101.66,103.45,39.36,94.39,91.89,46.22,5.189324553535535
Denmark,2006,1685.24,108.2,118.19,33.19,101.66,103.45,39.36,5.812365746427783
Denmark,2007,1743.14,115.48,124.73,29.48,108.2,118.19,33.19,3.3780097701345824
Denmark,2008,1809.72,119.73,131.17,35.54,115.48,124.73,29.48,3.748405258101428
Denmark,2009,1729.53,129.91,141.0,43.05,119.73,131.17,35.54,-4.532244188003887
Denmark,2010,1812.9,128.08,132.17,46.12,129.91,141.0,43.05,4.707807775506723
Denmark,2011,1848.53,125.92,140.32,49.99,128.08,132.17,46.12,1.9462955584538477
Denmark,2012,1892.94,124.07,141.47,48.71,125.92,140.32,49.99,2.3740447365764084
Denmark,2013,1935.56,124.69,130.65,47.77,124.07,141.47,48.71,2.226551429296464
Denmark,2014,1980.26,122.71,135.83,48.71,124.69,130.65,47.77,2.2831458920189895
Denmark,2015,2030.21,118.76,140.12,44.55,122.71,135.83,48.71,2.4911086762211987
Denmark,2016,2101.52,116.89,141.92,41.69,118.76,140.12,44.55,3.452165645025218
Denmark,2017,2189.59,113.83,138.27,40.15,116.89,141.92,41.69,4.1053419260287605
Denmark,2018,2243.54,112.32,139.82,38.54,113.83,138.27,40.15,2.4340663869867107
Denmark,2019,2303.64,110.84,151.6,38.33,112.32,139.82,38.54,2.643550506578052
Denmark,2020,2326.59,111.76,139.03,46.28,110.84,151.6,38.33,0.9913195648525885
Denmark,2021,2567.52,101.55,126.37,40.49,111.76,139.03,46.28,9.85367761950453
Denmark,2022,2844.23,84.49,133.17,34.08,101.55,126.37,40.49,10.235192821336891
Denmark,2023,2804.74,88.31,130.43,33.59,84.49,133.17,34.08,-1.398153762585963
Denmark,2024,2960.89,85.16,126.14,27.99,88.31,130.43,33.59,5.4179055761350625
Estonia,1996,3.68,3.35,36.64,7.3,,,,
Estonia,1997,4.57,6.25,46.3,6.03,3.35,36.64,7.3,21.660045272527363
Estonia,1998,5.1,5.82,60.21,5.4,6.25,46.3,6.03,10.972733482416675
Estonia,1999,5.41,6.97,61.77,5.93,5.82,60.21,5.4,5.900855312811015
Estonia,2000,6.17,8.66,64.19,5.11,6.97,61.77,5.93,13.144974505890627
Estonia,2001,6.98,10.81,70.07,4.93,8.66,64.19,5.11,12.335007885698479
Estonia,2002,7.82,14.07,75.28,5.66,10.81,70.07,4.93,11.363563778293862
Estonia,2003,8.75,18.35,78.08,5.6,14.07,75.28,5.66,11.236914581230328
Estonia,2004,9.78,24.18,81.49,5.16,18.35,78.08,5.6,11.128578367720277
Estonia,2005,11.35,32.0,78.58,4.73,24.18,81.49,5.16,14.88782598806857
Estonia,2006,13.57,41.94,88.64,4.72,32.0,78.58,4.73,17.864372991936595
Estonia,2007,16.4,46.11,90.52,3.91,41.94,88.64,4.72,18.941986098337527
Estonia,2008,16.62,50.64,97.58,4.67,46.11,90.52,3.91,1.3325454597149289
Estonia,2009,14.13,57.52,102.29,7.98,50.64,97.58,4.67,-16.23065927308658
Estonia,2010,14.74,52.95,95.63,7.99,57.52,102.29,7.98,4.2264690064754085
Estonia,2011,16.74,45.47,87.53,7.6,52.95,95.63,7.99,12.723617830013856
Estonia,2012,18.09,41.58,86.62,11.15,45.47,87.53,7.6,7.755823434587494
Estonia,2013,19.16,39.73,85.55,11.43,41.58,86.62,11.15,5.7465473135510425
Estonia,2014,20.37,38.26,87.74,11.56,39.73,85.55,11.43,6.1238457696000115
Estonia,2015,21.01,39.01,84.09,10.79,38.26,87.74,11.56,3.0935284618194725
Estonia,2016,22.19,39.15,81.46,10.24,39.01,84.09,10.79,5.46432220875932
Estonia,2017,24.32,38.52,76.64,9.43,39.15,81.46,10.24,9.165732015346384
Estonia,2018,26.44,37.7,74.71,8.51,38.52,76.64,9.43,8.35789578855195
Estonia,2019,28.47,37.54,75.1,9.05,37.7,74.71,8.51,7.3972886306460595
Estonia,2020,27.86,39.87,80.3,19.1,37.54,75.1,9.05,-2.165893293828658
Estonia,2021,31.46,37.96,74.87,18.42,39.87,80.3,19.1,12.152492927847192
Estonia,2022,36.44,36.4,74.6,19.11,37.96,74.87,18.42,14.695017476162597
Estonia,2023,38.19,36.84,80.77,20.18,36.4,74.6,19.11,4.690662884566699
Estonia,2024,39.51,38.4,84.35,23.62,36.84,80.77,20.18,3.3980103185874633
Finland,1996,101.98,32.07,83.3,55.36,,,,
Finland,1997,110.76,29.95,86.7,52.24,32.07,83.3,55.36,8.258898267575088
Finland,1998,120.43,29.56,79.14,46.84,29.95,86.7,52.24,8.370297296962814
Finland,1999,126.89,31.23,81.14,44.02,29.56,79.14,46.84,5.2251898136434605
Finland,2000,136.39,31.62,90.18,42.45,31.23,81.14,44.02,7.219785952996016
Finland,2001,144.61,32.05,85.35,40.9,31.62,90.18,42.45,5.852203468791739
Finland,2002,148.44,34.58,84.95,40.13,32.05,85.35,40.9,2.6140372565695458
Finland,2003,151.71,38.08,87.32,42.7,34.58,84.95,40.13,2.178996756760476
Finland,2004,158.74,41.45,87.49,42.58,38.08,87.32,42.7,4.529683990272826
Finland,2005,164.67,46.34,87.62,39.87,41.45,87.49,42.58,3.667582756717813
Finland,2006,172.86,49.71,90.3,38.01,46.34,87.62,39.87,4.853854709458449
Finland,2007,187.06,50.92,93.89,33.91,49.71,90.3,38.01,7.894740268191303
Finland,2008,194.25,52.64,103.5,32.56,50.92,93.89,33.91,3.771656824135139
Finland,2009,181.74,59.05,106.18,41.53,52.64,103.5,32.56,-6.656889498055563
Finland,2010,188.15,58.9,108.27,50.11,59.05,106.18,41.53,3.4662422772245627
Finland,2011,197.66,59.15,109.37,52.02,58.9,108.27,50.11,4.930886590859096
Finland,2012,200.38,61.22,110.89,57.86,59.15,109.37,52.02,1.3667180883079055
Finland,2013,203.5,61.77,115.17,60.81,61.22,110.89,57.86,1.5450441051533481
Finland,2014,205.86,62.78,120.66,64.81,61.77,115.17,60.81,1.1530321215762918
Finland,2015,210.19,63.67,126.91,68.76,62.78,120.66,64.81,2.081555747347519
Finland,2016,215.72,64.66,116.31,68.65,63.67,126.91,68.76,2.5969386897138236
Finland,2017,224.71,64.87,123.27,66.58,64.66,116.31,68.65,4.082941151481467
Finland,2018,231.91,65.66,121.44,65.28,64.87,123.27,66.58,3.153868338327648
Finland,2019,238.52,66.18,118.5,65.24,65.66,121.44,65.28,2.810379888778769
Finland,2020,236.39,69.53,123.08,75.41,66.18,118.5,65.24,-0.897018080211609
Finland,2021,248.76,68.49,122.17,73.25,69.53,123.08,75.41,5.100559278289918
Finland,2022,266.14,66.1,122.21,74.03,68.49,122.17,73.25,6.753390987990837
Finland,2023,272.78,64.21,118.73,77.3,66.1,122.21,74.03,2.464312338313235
Finland,2024,276.17,63.31,117.4,82.53,64.21,118.73,77.3,1.2351008632972338
France,1996,1246.97,34.31,97.19,60.59,,,,
France,1997,1289.67,34.47,96.98,61.98,34.31,97.19,60.59,3.366976302418667
France,1998,1346.32,33.79,95.72,62.1,34.47,96.98,61.98,4.298857272855905
France,1999,1395.15,34.73,100.45,61.42,33.79,95.72,62.1,3.562699195176755
France,2000,1473.52,34.89,104.91,59.72,34.73,100.45,61.42,5.4652159854262194
France,2001,1530.07,35.34,109.8,59.32,34.89,104.91,59.72,3.765938976304639
France,2002,1578.33,36.19,109.33,61.26,35.34,109.8,59.32,3.1053840043526293
France,2003,1622.31,37.61,107.26,65.36,36.19,109.33,61.26,2.7483733467958515
France,2004,1696.11,39.27,108.03,66.88,37.61,107.26,65.36,4.448633425381487
France,2005,1762.05,42.12,109.04,68.19,39.27,108.03,66.88,3.8140510198810595
France,2006,1846.02,44.66,110.93,65.4,42.12,109.04,68.19,4.655406630228942
France,2007,1937.88,47.16,112.41,65.48,44.66,110.93,65.4,4.856262178868231
France,2008,1990.0,49.33,117.13,69.82,47.16,112.41,65.48,2.6540046689562224
France,2009,1935.84,53.19,120.64,84.06,49.33,117.13,69.82,-2.759329792537013
France,2010,1996.08,54.22,119.58,86.28,53.19,120.64,84.06,3.064391643537334
France,2011,2062.14,55.35,125.14,88.75,54.22,119.58,86.28,3.2559021290918366
France,2012,2088.29,55.83,129.28,91.74,55.35,125.14,88.75,1.2601270727789604
France,2013,2120.35,56.05,126.98,94.56,55.83,129.28,91.74,1.5235620131861083
France,2014,2153.73,56.5,133.07,96.16,56.05,126.98,94.56,1.5620053291067748
France,2015,2201.4,56.91,137.89,96.97,56.5,133.07,96.16,2.189229891911282
France,2016,2231.82,58.12,140.76,98.15,56.91,137.89,96.97,1.3723874498624333
France,2017,2291.68,59.44,142.3,98.76,58.12,140.76,98.15,2.6467776943639443
France,2018,2355.36,60.87,145.51,98.53,59.44,142.3,98.76,2.7408408978148557
France,2019,2432.21,62.35,149.95,98.16,60.87,145.51,98.53,3.210672703273154
France,2020,2318.28,68.2,171.44,114.9,62.35,149.95,98.16,-4.797477764997193
France,2021,2508.1,66.41,161.06,112.79,68.2,171.44,114.9,7.869996297375881
France,2022,2654.06,65.86,159.71,111.36,66.41,161.06,112.79,5.656504865546719
France,2023,2826.31,62.53,154.82,109.77,65.86,159.71,111.36,6.288143088959686
France,2024,2922.24,60.51,154.94,113.11,62.53,154.82,109.77,3.337847155003537
Germany,1996,1928.56,63.04,61.34,58.11,,,,
Germany,1997,1967.18,65.01,62.66,59.21,63.04,61.34,58.11,1.9827434688132861
Germany,1998,2022.31,66.94,64.85,59.81,65.01,62.66,59.21,2.7639377264178755
Germany,1999,2077.24,69.97,66.18,60.35,66.94,64.85,59.81,2.679966709642123
Germany,2000,2129.66,70.48,77.27,59.24,69.97,66.18,60.35,2.492225307253637
Germany,2001,2195.53,69.34,79.92,58.06,70.48,77.27,59.24,3.0461132672791713
Germany,2002,2223.36,69.19,82.62,59.82,69.34,79.92,58.06,1.2596089950846157
Germany,2003,2240.81,69.36,83.4,63.34,69.19,82.62,59.82,0.7817842455206225
Germany,2004,2293.04,67.93,76.4,64.96,69.36,83.4,63.34,2.304104047390343
Germany,2005,2325.71,66.85,78.6,67.12,67.93,76.4,64.96,1.414692064593659
Germany,2006,2426.18,64.16,81.86,66.4,66.85,78.6,67.12,4.229263521166526
Germany,2007,2542.22,60.44,81.67,63.69,64.16,81.86,66.4,4.671971107191641
Germany,2008,2589.68,58.75,84.38,65.16,60.44,81.67,63.69,1.8496600905580252
Germany,2009,2494.87,60.84,85.57,72.34,58.75,84.38,65.16,-3.729769231710822
Germany,2010,2616.06,58.22,83.18,81.01,60.84,85.57,72.34,4.74327454741541
Germany,2011,2747.81,55.99,81.75,78.46,58.22,83.18,81.01,4.913486166439718
Germany,2012,2800.38,55.46,81.5,79.8,55.99,81.75,78.46,1.8950891482377052
Germany,2013,2867.28,54.57,84.21,77.44,55.46,81.5,79.8,2.360872293641947
Germany,2014,2985.17,53.16,79.4,74.52,54.57,84.21,77.44,4.029285145173933
Germany,2015,3085.65,52.6,80.01,71.22,53.16,79.4,74.52,3.310563543777434
Germany,2016,3196.11,52.29,82.11,68.28,52.6,80.01,71.22,3.5172113249814174
Germany,2017,3331.11,51.9,82.24,64.03,52.29,82.11,68.28,4.137113644820367
Germany,2018,3431.13,51.64,83.45,60.81,51.9,82.24,64.03,2.9584071204077134
Germany,2019,3534.88,52.55,85.37,58.7,51.64,83.45,60.81,2.9789699534031655
Germany,2020,3449.62,55.98,92.45,68.04,52.55,85.37,58.7,-2.441527247124675
Germany,2021,3676.46,55.26,92.01,68.08,55.98,92.45,68.04,6.36862526326567
Germany,2022,3953.85,53.6,93.48,65.0,55.26,92.01,68.08,7.273945507976443
Germany,2023,4185.55,51.03,89.7,62.88,53.6,93.48,65.0,5.694832928892701
Germany,2024,4305.26,49.93,89.48,63.89,51.03,89.7,62.88,2.8199413894975933
Greece,1996,100.66,7.41,29.94,103.72,,,,
Greece,1997,111.19,9.22,30.41,102.6,7.41,29.94,103.72,9.949194836694364
Greece,1998,121.09,10.39,32.76,100.79,9.22,30.41,102.6,8.529362105111726
Greece,1999,128.67,12.17,34.74,102.84,10.39,32.76,100.79,6.071691643062405
Greece,2000,136.16,15.2,40.88,108.85,12.17,34.74,102.84,5.657967762816529
Greece,2001,147.44,19.35,43.78,110.53,15.2,40.88,108.85,7.959064853650322
Greece,2002,158.9,23.74,43.09,107.87,19.35,43.78,110.53,7.485376018110301
Greece,2003,174.1,27.58,43.42,104.26,23.74,43.09,107.87,9.135477323147256
Greece,2004,188.91,33.08,43.06,105.49,27.58,43.42,104.26,8.164086439461826
Greece,2005,194.77,41.13,47.26,109.86,33.08,43.06,105.49,3.0548664073046794
Greece,2006,214.3,46.47,48.43,105.33,41.13,47.26,109.86,9.555752723772315
Greece,2007,229.28,52.51,51.18,104.64,46.47,48.43,105.33,6.756706160033055
Greece,2008,238.74,56.7,58.66,110.91,52.51,51.18,104.64,4.043112958703077
Greece,2009,234.32,59.01,59.79,128.48,56.7,58.66,110.91,-1.86873911474148
Greece,2010,223.59,62.15,67.82,147.85,59.01,59.79,128.48,-4.687368495776578
Greece,2011,203.48,65.25,67.82,175.08,62.15,67.82,147.85,-9.424629760714787
Greece,2012,185.9,66.97,70.11,164.28,65.25,67.82,175.08,-9.035882522716587
Greece,2013,178.11,66.77,68.02,180.51,66.97,70.11,164.28,-4.280755777670464
Greece,2014,176.07,64.99,68.66,182.82,66.77,68.02,180.51,-1.151969371234074
Greece,2015,175.36,63.21,67.01,180.0,64.99,68.66,182.82,-0.4040639478701813
Greece,2016,174.45,61.31,66.31,183.67,63.21,67.01,180.0,-0.5202836126867894
Greece,2017,177.38,58.21,62.56,182.62,61.31,66.31,183.67,1.6656156315523418
Greece,2018,180.62,58.48,60.58,189.55,58.21,62.56,182.62,1.810105287434638
Greece,2019,185.18,55.44,54.52,183.69,58.48,60.58,189.55,2.493294819724845
Greece,2020,167.54,58.72,65.32,209.93,55.44,54.52,183.69,-10.0106196294238
Greece,2021,184.57,54.66,65.89,197.81,58.72,65.32,209.93,9.680666659353676
Greece,2022,207.85,44.91,54.9,178.44,54.66,65.89,197.81,11.878787037944605
Greece,2023,225.2,40.78,52.69,165.15,44.91,54.9,178.44,8.017223056688927
Greece,2024,237.57,38.83,55.72,150.89,40.78,52.69,165.15,5.347342062489524
Hungary,1996,7149.02,5.22,43.02,71.17,,,,
Hungary,1997,8853.54,4.84,45.15,62.2,5.22,43.02,71.17,21.384209466629578
Hungary,1998,10459.46,4.35,45.1,60.42,4.84,45.15,62.2,16.66894530239773
Hungary,1999,11658.14,5.0,48.15,60.3,4.35,45.1,60.42,10.849781640702183
Hungary,2000,13340.29,6.46,53.49,55.64,5.0,48.15,60.3,13.478413090945551
Hungary,2001,15413.05,8.26,53.66,52.2,6.46,53.49,55.64,14.442577379249322
Hungary,2002,17440.96,11.82,49.64,55.56,8.26,53.66,52.2,12.360690966331056
Hungary,2003,19108.79,17.07,54.79,58.17,11.82,49.64,55.56,9.132697577536497
Hungary,2004,21088.68,20.03,57.34,58.91,17.07,54.79,58.17,9.858796501443301
Hungary,2005,22572.43,23.53,64.47,60.58,20.03,57.34,58.91,6.7992846448849065
Hungary,2006,24321.95,26.21,67.29,64.49,23.53,64.47,60.58,7.464998472863016
Hungary,2007,25730.26,30.06,78.49,65.58,26.21,67.29,64.49,5.628849637376909
Hungary,2008,27233.19,36.61,80.99,71.8,30.06,78.49,65.58,5.676871884763202
Hungary,2009,26467.8,37.88,91.4,78.19,36.61,80.99,71.8,-2.8507550199231346
Hungary,2010,27427.57,39.69,86.46,80.17,37.88,91.4,78.19,3.561981206240894
Hungary,2011,28492.07,37.74,88.64,80.47,39.69,86.46,80.17,3.8077091053796863
Hungary,2012,28919.19,31.98,84.11,78.36,37.74,88.64,80.47,1.4879585656492722
Hungary,2013,30343.34,28.48,79.94,77.22,31.98,84.11,78.36,4.807166495728232
Hungary,2014,32826.77,25.89,79.23,76.49,28.48,79.94,77.22,7.866728749356078
Hungary,2015,34984.76,21.38,73.74,75.72,25.89,79.23,76.49,6.366819704102511
Hungary,2016,36311.88,20.25,69.79,74.65,21.38,73.74,75.72,3.7232422364603224
Hungary,2017,39335.93,18.75,65.03,72.0,20.25,69.79,74.65,7.99933901116443
Hungary,2018,43553.98,17.74,64.38,68.82,18.75,65.03,72.0,10.18627377628949
Hungary,2019,47940.5,18.39,63.84,64.99,17.74,64.38,68.82,9.595957032506597
Hungary,2020,48807.77,20.66,70.41,78.69,18.39,63.84,64.99,1.7928862840562942
Hungary,2021,55560.47,20.86,80.75,76.21,20.66,70.41,78.69,12.95824556774079
Hungary,2022,66149.43,18.55,82.57,73.86,20.86,80.75,76.21,17.444429657017757
Hungary,2023,75568.87,16.77,73.61,72.97,18.55,82.57,73.86,13.31281521533505
Hungary,2024,81514.21,17.0,72.71,73.45,16.77,73.61,72.97,7.573293497968159
Iceland,1996,493.83,71.07,75.12,55.57,,,,
Iceland,1997,536.72,71.96,80.8,52.05,71.07,75.12,55.57,8.328521484752915
Iceland,1998,603.41,73.34,86.83,43.95,71.96,80.8,52.05,11.712035608739324
Iceland,1999,649.72,80.35,100.7,76.59,73.34,86.83,43.95,7.394460150916959
Iceland,2000,709.56,86.51,112.92,75.8,80.35,100.7,76.59,8.810355876954379
Iceland,2001,802.28,88.34,120.52,83.38,86.51,112.92,75.8,12.281261449710712
Iceland,2002,854.14,88.81,113.75,82.16,88.34,120.52,83.38,6.263744066117383
Iceland,2003,876.73,85.59,152.99,85.07,88.81,113.75,82.16,2.6103962461263563
Iceland,2004,970.42,86.62,170.0,80.86,85.59,152.99,85.07,10.152989023488068
Iceland,2005,1061.43,96.12,224.53,68.93,86.62,170.0,80.86,8.964336707544174
Iceland,2006,1225.72,103.57,320.54,70.65,96.12,224.53,68.93,14.391137086988337
Iceland,2007,1386.95,105.52,448.96,68.4,103.57,320.54,70.65,12.357866521788452
Iceland,2008,1589.63,99.74,517.28,110.36,105.52,448.96,68.4,13.63941930935173
Iceland,2009,1626.39,108.69,569.02,128.77,99.74,517.28,110.36,2.2861550014400933
Iceland,2010,1680.97,101.77,405.77,133.14,108.69,569.02,128.77,3.3008172983143957
Iceland,2011,1765.01,99.53,356.28,138.18,101.77,405.77,133.14,4.878534834429082
Iceland,2012,1845.16,97.17,287.32,133.92,99.53,356.28,138.18,4.440963850807211
Iceland,2013,1970.15,93.41,238.5,121.96,97.17,287.32,133.92,6.554368738354999
Iceland,2014,2086.36,85.86,240.88,115.3,93.41,238.5,121.96,5.731123880406308
Iceland,2015,2310.85,80.32,202.45,97.32,85.86,240.88,115.3,10.219450143173958
Iceland,2016,2512.06,75.05,176.65,82.47,80.32,202.45,97.32,8.348771145200562
Iceland,2017,2641.96,74.82,141.88,71.74,75.05,176.65,82.47,5.041793226908187
Iceland,2018,2844.06,75.13,121.64,63.25,74.82,141.88,71.74,7.3711542824765885
Iceland,2019,3026.1,74.81,138.61,66.53,75.13,121.64,63.25,6.204205298189436
Iceland,2020,2929.17,84.77,139.4,77.51,74.81,138.61,66.53,-3.255555529865095
Iceland,2021,3272.55,83.4,145.24,74.92,84.77,139.4,77.51,11.085039107589534
Iceland,2022,3882.05,77.31,136.49,67.53,83.4,145.24,74.92,17.07938670986504
Iceland,2023,4338.61,72.66,123.25,61.99,77.31,136.49,67.53,11.119065569248932
Iceland,2024,4616.46,72.66,123.25,59.08,72.66,123.25,61.99,6.207415730513333
Ireland,1996,60.23,51.36,81.22,69.83,,,,
Ireland,1997,69.4,51.36,81.22,61.58,51.36,81.22,69.83,14.171630045712913
Ireland,1998,80.43,51.36,81.22,51.41,51.36,81.22,61.58,14.750037340321853
Ireland,1999,92.79,51.36,81.22,46.57,51.36,81.22,51.41,14.295163444911108
Ireland,2000,108.5,51.36,81.22,36.41,51.36,81.22,46.57,15.641129761542594
Ireland,2001,122.09,51.36,81.22,33.58,51.36,81.22,36.41,11.800830470024959
Ireland,2002,136.0,51.36,81.22,30.89,51.36,81.22,33.58,10.789640805528844
Ireland,2003,145.58,58.25,83.17,29.83,51.36,81.22,30.89,6.807087795405931
Ireland,2004,156.26,69.72,89.38,28.1,58.25,83.17,29.83,7.079552287848667
Ireland,2005,170.31,81.05,95.62,26.06,69.72,89.38,28.1,8.609901928214647
Ireland,2006,184.92,91.57,122.25,23.65,81.05,95.62,26.06,8.230299326927959
Ireland,2007,197.07,97.57,129.55,23.95,91.57,122.25,23.65,6.363569645246692
Ireland,2008,187.28,107.92,175.16,42.51,97.57,129.55,23.95,-5.095417238983568
Ireland,2009,169.52,117.56,185.56,61.76,107.92,175.16,42.51,-9.963390922261173
Ireland,2010,167.45,112.27,197.68,86.13,117.56,185.56,61.76,-1.2286114719830543
Ireland,2011,173.38,104.99,207.02,109.43,112.27,197.68,86.13,3.480091820028086
Ireland,2012,176.89,97.4,213.24,118.73,104.99,207.02,109.43,2.00423530149223
Ireland,2013,183.19,93.9,188.63,117.49,97.4,213.24,118.73,3.4995795141950836
Ireland,2014,200.82,78.89,199.0,101.28,93.9,188.63,117.49,9.18851188539227
Ireland,2015,272.54,58.09,247.68,73.96,78.89,199.0,101.28,30.537640787038445
Ireland,2016,276.21,54.52,247.19,72.64,58.09,247.68,73.96,1.3376053646189767
Ireland,2017,308.52,54.51,222.72,65.23,54.52,247.19,72.64,11.062522509793382
Ireland,2018,334.87,48.16,222.9,61.47,54.51,222.72,65.23,8.195572574312493
Ireland,2019,363.68,41.38,191.83,55.92,48.16,222.9,61.47,8.253196329530965
Ireland,2020,382.21,34.3,180.33,57.01,41.38,191.83,55.92,4.96958356715389
Ireland,2021,449.22,29.86,150.56,52.56,34.3,180.33,57.01,16.154254969487702
Ireland,2022,520.94,27.48,134.78,43.15,29.86,150.56,52.56,14.812212650314116
Ireland,2023,509.95,28.93,130.77,43.28,27.48,134.78,43.15,-2.13221902772629
Ireland,2024,533.44,29.63,120.04,41.11,28.93,130.77,43.28,4.5033917865902495
Israel,1996,367.62,34.4,55.91,91.56,,,,
Israel,1997,412.25,36.0,58.68,90.17,34.4,55.91,91.56,11.458016547408967
Israel,1998,458.24,36.78,65.38,91.95,36.0,58.68,90.17,10.576310289251811
Israel,1999,502.67,37.02,69.49,86.52,36.78,65.38,91.95,9.254082684531362
Israel,2000,556.62,35.51,71.14,77.15,37.02,69.49,86.52,10.194888971569505
Israel,2001,567.72,36.42,78.78,81.05,35.51,71.14,77.15,1.9745558537821672
Israel,2002,593.83,37.39,82.42,87.13,36.42,78.78,81.05,4.496474368370684
Israel,2003,599.07,36.94,79.29,89.54,37.39,82.42,87.13,0.8785369608646398
Israel,2004,628.2,36.27,79.63,88.18,36.94,79.29,89.54,4.748013438113663
Israel,2005,661.68,36.57,84.45,85.17,36.27,79.63,88.18,5.192346827910477
Israel,2006,708.81,34.73,86.51,77.47,36.57,84.45,85.17,6.880545215984224
Israel,2007,758.79,35.52,90.45,70.69,34.73,86.51,77.47,6.8137551727310175
Israel,2008,793.78,36.81,83.28,70.15,35.52,90.45,70.69,4.5081285497464485
Israel,2009,839.17,37.63,83.42,72.47,36.81,83.28,70.15,5.560696334308801
Israel,2010,896.15,38.51,82.18,68.94,37.63,83.42,72.47,6.569450156625045
Israel,2011,959.28,38.54,79.51,67.1,38.51,82.18,68.94,6.807519339357082
Israel,2012,1016.39,38.56,77.08,66.79,38.54,79.51,67.1,5.7829409680229205
Israel,2013,1077.74,38.98,72.74,65.8,38.56,77.08,66.79,5.860912224313619
Israel,2014,1127.11,39.47,70.31,64.71,38.98,72.74,65.8,4.479057854134272
Israel,2015,1179.53,40.18,68.67,63.12,39.47,70.31,64.71,4.545921949453913
Israel,2016,1236.44,40.68,69.22,61.47,40.18,68.67,63.12,4.712022869386967
Israel,2017,1290.27,41.0,68.37,59.65,40.68,69.22,61.47,4.26152160563289
Israel,2018,1351.13,41.21,68.42,59.92,41.0,68.37,59.65,4.608978056875035
Israel,2019,1428.12,41.15,67.88,59.09,41.21,68.42,59.92,5.541761463297501
Israel,2020,1414.04,43.2,69.84,71.09,41.15,67.88,59.09,-0.9908038382803852
Israel,2021,1582.32,43.74,71.15,67.79,43.2,69.84,71.09,11.244126887360917
Israel,2022,1764.41,43.94,69.34,60.47,43.74,71.15,67.79,10.892423239062854
Israel,2023,1878.37,42.21,68.74,61.47,43.94,69.34,60.47,6.2588022603273785
Israel,2024,1999.26,42.31,69.5,67.85,42.21,68.74,61.47,6.237273260813669
Italy,1996,1047.75,17.48,49.28,118.9,,,,
Italy,1997,1095.09,17.81,48.73,116.49,17.48,49.28,118.9,4.419154384868218
Italy,1998,1141.26,18.65,48.6,113.89,17.81,48.73,116.49,4.129636353894117
Italy,1999,1177.55,21.03,53.57,113.06,18.65,48.6,113.89,3.1303093641257718
Italy,2000,1244.74,22.62,55.8,108.74,21.03,53.57,113.06,5.549066391424429
Italy,2001,1308.62,23.87,57.92,108.51,22.62,55.8,108.74,5.004647407963425
Italy,2002,1355.52,25.56,58.69,105.95,23.87,57.92,108.51,3.5211997704991838
Italy,2003,1399.39,27.31,60.66,105.14,25.56,58.69,105.95,3.185128283365213
Italy,2004,1457.36,29.72,62.06,104.74,27.31,60.66,105.14,4.059015235598906
Italy,2005,1499.07,32.8,64.68,106.18,29.72,62.06,104.74,2.8218336088247753
Italy,2006,1559.86,35.53,68.04,106.26,32.8,64.68,106.18,3.9751157815820726
Italy,2007,1621.71,37.94,73.42,103.46,35.53,68.04,106.26,3.888507444830047
Italy,2008,1643.72,38.84,76.1,105.8,37.94,73.42,103.46,1.3480817734010664
Italy,2009,1584.11,42.19,81.15,116.14,38.84,76.1,105.8,-3.693923040129121
Italy,2010,1617.94,43.28,80.74,118.76,42.19,81.15,116.14,2.113099970489607
Italy,2011,1657.36,43.3,79.71,119.13,43.28,80.74,118.76,2.407223982507478
Italy,2012,1632.9,43.46,81.66,125.9,43.3,79.71,119.13,-1.4868399829368606
Italy,2013,1621.26,43.03,79.98,131.85,43.46,81.66,125.9,-0.7153950416448396
Italy,2014,1635.87,42.33,78.85,134.8,43.03,79.98,131.85,0.8971148210906499
Italy,2015,1663.28,41.63,75.52,134.79,42.33,78.85,134.8,1.6616783532410473
Italy,2016,1704.86,41.11,72.27,134.24,41.63,75.52,134.79,2.469143947420527
Italy,2017,1744.49,40.76,70.01,133.74,41.11,72.27,134.24,2.2979253399541655
Italy,2018,1777.74,40.77,68.23,134.2,40.76,70.01,133.74,1.8880645351034175
Italy,2019,1804.07,41.09,66.87,133.9,40.77,68.23,134.2,1.4702328870605186
Italy,2020,1670.01,44.84,75.68,154.38,41.09,66.87,133.9,-7.721560911369441
Italy,2021,1842.51,42.14,70.67,145.81,44.84,75.68,154.38,9.829915804035139
Italy,2022,1998.07,39.97,65.74,138.35,42.14,70.67,145.81,8.105294217264536
Italy,2023,2131.39,37.09,61.49,134.64,39.97,65.74,138.35,6.459263439412766
Italy,2024,2192.18,36.11,59.21,135.33,37.09,61.49,134.64,2.812213346087944
Japan,1996,535562.0,69.55,138.98,98.05,,,,
Japan,1997,543545.3,69.34,136.96,104.97,69.55,138.98,98.05,1.4796388922961867
Japan,1998,536497.4,69.76,129.53,116.02,69.34,136.96,104.97,-1.3051335920536644
Japan,1999,528069.9,71.11,125.36,129.5,69.76,129.53,116.02,-1.5833054525877799
Japan,2000,535417.8,69.84,117.78,135.61,71.11,125.36,129.5,1.3818715397100334
Japan,2001,531653.9,68.52,114.35,145.12,69.84,117.78,135.61,-0.7054662981351711
Japan,2002,524478.7,67.43,111.65,154.1,68.52,114.35,145.12,-1.3587896816467548
Japan,2003,523968.7,66.54,104.57,160.02,67.43,111.65,154.1,-0.097286719434031
Japan,2004,529400.9,64.73,99.24,169.49,66.54,104.57,160.02,1.0314040116796264
Japan,2005,532515.6,62.07,101.49,174.59,64.73,99.24,169.49,0.5866203099781586
Japan,2006,535170.2,61.11,101.49,174.14,62.07,101.49,174.59,0.49726342151270586
Japan,2007,539281.7,60.02,100.4,172.95,61.11,101.49,174.14,0.7653241747254569
Japan,2008,527823.8,60.24,105.28,180.85,60.02,100.4,172.95,-2.1475553000728453
Japan,2009,494938.4,63.48,108.53,198.81,60.24,105.28,180.85,-6.432920551037569
Japan,2010,505530.6,61.24,101.95,205.88,63.48,108.53,198.81,2.117526037264561
Japan,2011,497449.0,61.82,101.61,219.16,61.24,101.95,205.88,-1.6115531971976793
Japan,2012,500474.6,61.42,100.18,226.09,61.82,101.61,219.16,0.6063809435676859
Japan,2013,508700.6,61.3,99.09,229.45,61.42,100.18,226.09,1.6302783088383066
Japan,2014,518811.1,60.74,97.77,233.28,61.3,99.09,229.45,1.9680216436427145
Japan,2015,538032.4,59.48,94.96,228.28,60.74,97.77,233.28,3.637893365522693
Japan,2016,544364.6,59.74,96.76,232.42,59.48,94.96,228.28,1.1700461549885688
Japan,2017,553073.0,60.18,96.88,231.32,59.74,96.76,232.42,1.5870757096758226
Japan,2018,556630.1,61.22,99.19,232.38,60.18,96.88,231.32,0.6410925918924448
Japan,2019,557910.9,62.31,103.56,236.38,61.22,99.19,232.38,0.22983462498160634
Japan,2020,539646.1,67.17,117.59,258.37,62.31,103.56,236.38,-3.328571787324819
Japan,2021,553068.3,67.26,118.12,253.65,67.17,117.59,258.37,2.4567947694352554
Japan,2022,560464.3,67.5,119.82,248.31,67.26,118.12,253.65,1.3284045319323923
Japan,2023,591912.5,65.26,117.34,239.97,67.5,119.82,248.31,5.459327255326762
Japan,2024,609432.6,65.07,116.32,236.66,65.26,117.34,239.97,2.9169540456154053
Korea,1996,507768.4,46.24,94.5,7.81,,,,
Korea,1997,560502.0,48.29,106.76,9.69,46.24,94.5,7.81,9.880737263833339
Korea,1998,556786.9,44.5,109.2,13.82,48.29,106.76,9.69,-0.6650229303900801
Korea,1999,613069.3,43.51,96.07,15.76,44.5,109.2,13.82,9.629539867285253
Korea,2000,675732.6,47.55,85.83,16.09,43.51,96.07,15.76,9.731945554000987
Korea,2001,732723.1,52.64,82.05,16.63,47.55,85.83,16.09,8.097043223955502
Korea,2002,813225.4,61.72,79.32,16.44,52.64,82.05,16.63,10.424044799802346
Korea,2003,868110.6,60.57,77.46,19.1,61.72,79.32,16.44,6.531081000300354
Korea,2004,942885.3,58.11,71.58,21.6,60.57,77.46,19.1,8.262551625162473
Korea,2005,995175.5,61.13,70.56,24.92,58.11,71.58,21.6,5.397446136502282
Korea,2006,1045663.2,65.0,77.21,27.04,61.13,70.56,24.92,4.9487500733027545
Korea,2007,1134541.3,66.46,81.44,26.35,65.0,77.21,27.04,8.157710301166254
Korea,2008,1202972.9,68.12,93.4,25.86,66.46,81.44,26.35,5.85674814457775
Korea,2009,1255305.4,70.14,96.46,28.79,68.12,93.4,25.86,4.258297987029813
Korea,2010,1379460.2,70.15,91.6,28.27,70.14,96.46,28.79,9.431337363271375
Korea,2011,1448575.7,73.3,92.4,31.7,70.15,91.6,28.27,4.888853459530296
Korea,2012,1504674.1,73.98,93.84,33.54,73.3,92.4,31.7,3.7995532079794003
Korea,2013,1570938.1,74.91,93.45,36.0,73.98,93.84,33.54,4.3096626941101945
Korea,2014,1638484.8,76.39,94.95,37.88,74.91,93.45,36.0,4.209895549394105
Korea,2015,1740776.0,79.16,93.11,38.84,76.39,94.95,37.88,6.055907848358011
Korea,2016,1833026.5,82.94,89.63,39.14,79.16,93.11,38.84,5.163743510735408
Korea,2017,1934233.9,84.82,87.82,38.01,82.94,89.63,39.14,5.374290484603428
Korea,2018,2006974.6,86.81,90.39,37.85,84.82,87.82,38.01,3.6917083255953997
Korea,2019,2040594.3,89.57,95.5,39.73,86.81,90.39,37.85,1.6612674929993076
Korea,2020,2058466.6,97.08,103.56,45.92,89.57,95.5,39.73,0.8720247730261477
Korea,2021,2221913.0,98.67,106.93,47.99,97.08,103.56,45.92,7.640719984617306
Korea,2022,2323781.5,97.29,111.67,49.8,98.67,106.93,47.99,4.482727910122186
Korea,2023,2401189.4,93.55,112.97,50.7,97.29,111.67,49.8,3.276838228963541
Korea,2024,2549120.7,90.14,110.52,52.49,93.55,112.97,50.7,5.978427824924992
Latvia,1996,4.54,1.34,18.04,8.99,,,,
Latvia,1997,5.25,1.68,24.24,7.47,1.34,18.04,8.99,14.530106455027592
Latvia,1998,5.85,2.55,31.47,9.81,1.68,24.24,7.47,10.821358464023255
Latvia,1999,6.1,3.26,35.85,14.83,2.55,31.47,9.81,4.184710993550045
Latvia,2000,6.7,5.52,43.13,15.09,3.26,35.85,14.83,9.381875521765505
Latvia,2001,7.32,6.09,42.7,17.83,5.52,43.13,15.09,8.850280157629964
Latvia,2002,8.14,9.0,44.55,15.38,6.09,42.7,17.83,10.617985204122892
Latvia,2003,9.14,21.19,45.53,15.42,9.0,44.55,15.38,11.587020545160964
Latvia,2004,10.63,18.22,55.0,14.35,21.19,45.53,15.42,15.101980688779815
Latvia,2005,13.1,28.56,60.96,11.58,18.22,55.0,14.35,20.893203785324886
Latvia,2006,16.29,41.17,70.58,9.62,28.56,60.96,11.58,21.79391924068481
Latvia,2007,21.51,44.3,71.69,7.6,41.17,70.58,9.62,27.796652066568495
Latvia,2008,23.35,43.61,75.96,16.95,44.3,71.69,7.6,8.20790408352674
Latvia,2009,18.48,50.84,91.3,33.32,43.61,75.96,16.95,-23.39079179013681
Latvia,2010,17.72,48.72,93.1,40.9,50.84,91.3,33.32,-4.199512103660341
Latvia,2011,19.12,41.38,94.75,39.81,48.72,93.1,40.9,7.604096244632075
Latvia,2012,21.1,33.95,80.71,38.08,41.38,94.75,39.81,9.853813285876534
Latvia,2013,21.96,30.3,76.74,37.19,33.95,80.71,38.08,3.9949576159309164
Latvia,2014,22.79,27.4,72.43,39.87,30.3,76.74,37.19,3.709922661626308
Latvia,2015,23.74,27.06,64.16,35.79,27.4,72.43,39.87,4.08395459239288
Latvia,2016,24.5,24.88,68.52,39.93,27.06,64.16,35.79,3.151172836915972
Latvia,2017,26.02,23.58,66.33,40.33,24.88,68.52,39.93,6.0192355533677855
Latvia,2018,28.15,21.23,62.24,38.3,23.58,66.33,40.33,7.868188150133992
Latvia,2019,29.57,20.54,60.08,37.91,21.23,62.24,38.3,4.92129792786864
Latvia,2020,29.22,20.73,58.1,44.04,20.54,60.08,37.91,-1.1906927541832424
Latvia,2021,32.28,20.31,52.02,45.87,20.73,58.1,44.04,9.95944370791948
Latvia,2022,36.1,19.18,49.21,44.43,20.31,52.02,45.87,11.1845021937087
Latvia,2023,39.37,18.46,45.66,44.65,19.18,49.21,44.43,8.671123961681104
Latvia,2024,40.21,19.36,48.93,47.36,18.46,45.66,44.65,2.11116159535365
Lithuania,1996,9.78,1.29,20.55,13.82,,,,
Lithuania,1997,11.77,1.35,22.81,15.31,1.29,20.55,13.82,18.52144372254596
Lithuania,1998,13.07,1.46,24.87,16.48,1.35,22.81,15.31,10.476560636394527
Lithuania,1999,12.76,1.82,28.82,22.61,1.46,24.87,16.48,-2.4004249719487003
Lithuania,2000,13.37,1.62,29.79,23.49,1.82,28.82,22.61,4.669811319720774
Lithuania,2001,14.2,1.87,28.64,22.88,1.62,29.79,23.49,6.022857349336341
Lithuania,2002,15.21,3.08,28.56,22.13,1.87,28.64,22.88,6.871114166398673
Lithuania,2003,16.67,4.82,31.28,20.37,3.08,28.56,22.13,9.165759049150113
Lithuania,2004,18.29,9.01,32.99,18.62,4.82,31.28,20.37,9.274376564007136
Lithuania,2005,20.98,13.77,38.14,17.64,9.01,32.99,18.62,13.721514056537698
Lithuania,2006,24.0,20.5,44.36,17.3,13.77,38.14,17.64,13.44842273797946
Lithuania,2007,29.01,26.49,56.63,15.89,20.5,44.36,17.3,18.95867677853671
Lithuania,2008,32.64,28.44,55.96,14.59,26.49,56.63,15.89,11.789793196259346
Lithuania,2009,26.98,32.54,53.96,27.9,28.44,55.96,14.59,-19.044267931629655
Lithuania,2010,27.66,30.05,49.48,36.7,32.54,53.96,27.9,2.489147545700243
Lithuania,2011,31.04,25.99,44.55,37.46,30.05,49.48,36.7,11.528936907840581
Lithuania,2012,33.24,23.73,43.05,39.9,25.99,44.55,37.46,6.847727467222953
Lithuania,2013,34.88,22.45,41.57,38.85,23.73,43.05,39.9,4.815962905353155
Lithuania,2014,36.41,21.57,38.55,40.71,22.45,41.57,38.85,4.292986314656311
Lithuania,2015,37.44,22.24,38.94,42.57,21.57,38.55,40.71,2.7896189422048856
Lithuania,2016,38.81,22.83,41.84,39.97,22.24,38.94,42.57,3.593829377142388
Lithuania,2017,42.28,22.35,43.3,39.34,22.83,41.84,39.97,8.563621562122181
Lithuania,2018,45.95,22.38,43.53,33.34,22.35,43.3,39.34,8.323968779965929
Lithuania,2019,49.24,22.83,42.74,35.59,22.38,43.53,33.34,6.915245251455682
Lithuania,2020,50.25,23.96,39.54,45.89,22.83,42.74,35.59,2.0304245622932093
Lithuania,2021,56.67,23.34,40.44,43.3,23.96,39.54,45.89,12.023442324234335
Lithuania,2022,67.45,21.79,39.25,38.06,23.34,40.44,43.3,17.414161247223703
Lithuania,2023,73.8,21.21,40.13,37.34,21.79,39.25,38.06,8.997214895266126
Lithuania,2024,78.41,22.02,41.73,38.22,21.21,40.13,37.34,6.059273863640424
Luxemburg,1996,15.7,38.26,95.28,10.17,,,,
Luxemburg,1997,16.32,40.2,114.25,10.06,38.26,95.28,10.17,3.873063718169867
Luxemburg,1998,17.31,38.6,115.36,9.51,40.2,114.25,10.06,5.88930196521571
Luxemburg,1999,19.77,39.72,121.74,8.39,38.6,115.36,9.51,13.288126799440736
Luxemburg,2000,22.99,38.76,125.79,7.49,39.72,121.74,8.39,15.089370159256488
Luxemburg,2001,23.88,39.2,149.82,7.62,38.76,125.79,7.49,3.7981949749311017
Luxemburg,2002,25.01,39.77,136.28,7.45,39.2,149.82,7.62,4.623445636512669
Luxemburg,2003,26.23,43.27,133.12,7.43,39.77,136.28,7.45,4.7628048989254435
Luxemburg,2004,28.19,44.16,160.8,7.83,43.27,133.12,7.43,7.206351124723875
Luxemburg,2005,30.28,46.0,153.54,7.95,44.16,160.8,7.83,7.152012344322678
Luxemburg,2006,34.18,45.89,162.98,8.21,46.0,153.54,7.95,12.11532491181968
Luxemburg,2007,37.64,51.21,275.45,8.09,45.89,162.98,8.21,9.642663702973397
Luxemburg,2008,40.01,52.02,256.85,14.63,51.21,275.45,8.09,6.106210815196489
Luxemburg,2009,39.05,55.8,290.31,15.29,52.02,256.85,14.63,-2.4286546583448754
Luxemburg,2010,42.4,55.61,243.23,19.09,55.8,290.31,15.29,8.230548595221743
Luxemburg,2011,44.32,56.92,271.79,18.5,55.61,243.23,19.09,4.428768020111606
Luxemburg,2012,46.53,58.64,289.19,20.85,56.92,271.79,18.5,4.866122341752899
Luxemburg,2013,49.09,57.76,284.26,22.41,58.64,289.19,20.85,5.355808221340386
Luxemburg,2014,51.79,59.28,326.27,21.86,57.76,284.26,22.41,5.35417323658387
Luxemburg,2015,54.14,59.76,322.44,21.13,59.28,326.27,21.86,4.437620375035545
Luxemburg,2016,56.21,61.27,306.33,19.6,59.76,322.44,21.13,3.752139282782796
Luxemburg,2017,58.17,63.32,320.22,21.8,61.27,306.33,19.6,3.4275080908686917
Luxemburg,2018,60.19,66.47,355.54,20.87,63.32,320.22,21.8,3.4136467637009282
Luxemburg,2019,62.42,68.03,366.69,22.34,66.47,355.54,20.87,3.6379511282953914
Luxemburg,2020,64.5,69.77,384.61,24.53,68.03,366.69,22.34,3.2779486959093163
Luxemburg,2021,73.04,66.83,390.0,24.18,69.77,384.61,24.53,12.434201248498677
Luxemburg,2022,76.73,68.42,415.33,24.9,66.83,390.0,24.18,4.92855299028605
Luxemburg,2023,80.99,67.44,404.7,25.02,68.42,415.33,24.9,5.403292407132465
Luxemburg,2024,86.1,61.87,378.18,25.98,67.44,404.7,25.02,6.118372117278614
Mexico,1996,3284.16,10.43,28.19,,,,,
Mexico,1997,4144.91,9.26,23.79,,10.43,28.19,,23.277016396919947
Mexico,1998,5092.99,8.76,21.48,,9.26,23.79,,20.59840089768432
Mexico,1999,6035.0,8.06,17.62,,8.76,21.48,,16.971077012823876
Mexico,2000,7016.6,7.33,16.6,,8.06,17.62,,15.070291567800176
Mexico,2001,7437.11,7.58,15.03,,7.33,16.6,,5.820356229459556
Mexico,2002,7827.76,8.3,15.15,,7.58,15.03,,5.119405736953375
Mexico,2003,8259.53,8.9,14.82,,8.3,15.15,,5.369129529596073
Mexico,2004,9248.39,9.54,13.31,,8.9,14.82,,11.308179713352828
Mexico,2005,9999.6,10.48,12.5,,9.54,13.31,,7.809560987291064
Mexico,2006,11120.12,11.35,13.07,,10.48,12.5,,10.621098793709116
Mexico,2007,12046.75,12.91,14.03,,11.35,13.07,,8.003883388381894
Mexico,2008,12927.76,12.65,15.94,,12.91,14.03,,7.058202323504936
Mexico,2009,12749.12,12.87,15.98,,12.65,15.94,,-1.391468763535464
Mexico,2010,13968.15,12.67,15.87,,12.87,15.98,,9.131748825657127
Mexico,2011,15268.44,13.01,17.59,,12.67,15.87,,8.900821504034262
Mexico,2012,16529.12,13.32,17.26,,13.01,17.59,,7.933572096465014
Mexico,2013,16954.01,13.99,19.72,,13.32,17.26,,2.538071014115495
Mexico,2014,18137.65,14.07,21.14,,13.99,19.72,,6.748550431727196
Mexico,2015,19228.61,14.69,23.67,,14.07,21.14,,5.840938576221788
Mexico,2016,20758.79,15.46,26.01,,14.69,23.67,,7.657049733842669
Mexico,2017,22536.21,15.59,25.82,,15.46,26.01,,8.21535775192448
Mexico,2018,24176.67,15.61,25.05,,15.59,25.82,,7.026476962667516
Mexico,2019,25121.82,15.6,24.47,,15.61,25.05,,3.8348672623575553
Mexico,2020,24086.76,16.73,26.07,,15.6,24.47,,-4.207447926467545
Mexico,2021,26690.03,16.0,24.25,,16.73,26.07,,10.262777549220203
Mexico,2022,29516.05,15.98,22.72,,16.0,24.25,,10.064409575887368
Mexico,2023,31855.57,16.23,20.89,,15.98,22.72,,7.627806579748864
Mexico,2024,33913.83,16.71,22.33,,16.23,20.89,,6.261064680459327
Netherlands,1996,345.3,71.57,150.21,71.25,,,,
Netherlands,1997,369.66,77.53,150.27,65.7,71.57,150.21,71.25,6.817005985858771
Netherlands,1998,394.84,84.33,155.9,62.68,77.53,150.27,65.7,6.5896955295152715
Netherlands,1999,420.14,90.75,162.93,58.6,84.33,155.9,62.68,6.210736951784668
Netherlands,2000,452.19,93.71,166.84,52.15,90.75,162.93,58.6,7.351445642301346
Netherlands,2001,482.94,94.96,162.26,49.41,93.71,166.84,52.15,6.578997684315002
Netherlands,2002,502.9,99.76,157.57,48.69,94.96,162.26,49.41,4.049892084422169
Netherlands,2003,514.9,106.86,168.08,49.8,99.76,157.57,48.69,2.3581363874176198
Netherlands,2004,531.57,110.66,164.77,50.1,106.86,168.08,49.8,3.186218478599212
Netherlands,2005,553.12,114.06,166.85,49.58,110.66,164.77,50.1,3.974008433522691
Netherlands,2006,587.44,115.6,160.72,44.96,114.06,166.85,49.58,6.019913697004053
Netherlands,2007,622.78,115.86,159.78,42.74,115.6,160.72,44.96,5.841921326295996
Netherlands,2008,651.3,116.67,162.25,54.35,115.86,159.78,42.74,4.477703914604092
Netherlands,2009,630.17,124.91,167.46,56.29,116.67,162.25,54.35,-3.298074129754358
Netherlands,2010,643.02,125.94,183.7,58.9,124.91,167.46,56.29,2.018620369814883
Netherlands,2011,656.01,125.09,198.98,61.17,125.94,183.7,58.9,2.0000204777379516
Netherlands,2012,658.23,125.54,208.03,65.69,125.09,198.98,61.17,0.33783815916272886
Netherlands,2013,665.57,122.75,214.63,67.16,125.54,208.03,65.69,1.1089402053867659
Netherlands,2014,678.63,120.64,225.74,67.17,122.75,214.63,67.16,1.9432243662018678
Netherlands,2015,699.18,119.06,227.25,63.8,120.64,225.74,67.17,2.9832159775372347
Netherlands,2016,720.18,117.95,231.31,60.88,119.06,227.25,63.8,2.9592960952081526
Netherlands,2017,750.86,115.75,229.23,55.99,117.95,231.31,60.88,4.171803551162334
Netherlands,2018,787.27,112.93,222.08,51.52,115.75,229.23,55.99,4.735204827194561
Netherlands,2019,829.77,109.49,210.48,47.6,112.93,222.08,51.52,5.257728940639517
Netherlands,2020,816.46,114.58,221.2,53.35,109.49,210.48,47.6,-1.6170632334493895
Netherlands,2021,891.55,108.99,212.43,50.43,114.58,221.2,53.35,8.798359935927724
Netherlands,2022,993.82,101.49,199.73,48.35,108.99,212.43,50.43,10.859458275926048
Netherlands,2023,1067.6,95.5,182.35,45.1,101.49,199.73,48.35,7.161231379105271
Netherlands,2024,1134.12,93.6,170.44,43.23,95.5,182.35,45.1,6.044388126459577
New Zealand,1996,100.49,50.34,71.91,,,,,
New Zealand,1997,103.87,54.66,79.77,,50.34,71.91,,3.3081897178853126
New Zealand,1998,105.87,57.62,80.82,,54.66,79.77,,1.9071809115568605
New Zealand,1999,111.22,61.28,80.13,,57.62,80.82,,4.9298295404129
New Zealand,2000,118.34,61.87,85.32,,61.28,80.13,,6.2051615489130185
New Zealand,2001,126.3,62.37,82.08,,61.87,85.32,,6.509819210789747
New Zealand,2002,133.69,64.71,83.8,,62.37,82.08,,5.686365763858614
New Zealand,2003,141.53,70.73,79.51,,64.71,83.8,,5.698802175071638
New Zealand,2004,153.01,75.35,84.37,,70.73,79.51,,7.799156998797407
New Zealand,2005,160.8,82.59,90.32,,75.35,84.37,,4.965807801114419
New Zealand,2006,168.96,88.44,95.63,,82.59,90.32,,4.950064377303054
New Zealand,2007,183.2,91.43,99.42,,88.44,95.63,,8.091645172213369
New Zealand,2008,189.77,91.81,107.18,,91.43,99.42,,3.523436032585714
New Zealand,2009,192.36,93.1,101.93,,91.81,107.18,,1.355580384357502
New Zealand,2010,202.05,90.02,96.37,,93.1,101.93,,4.914657511501996
New Zealand,2011,211.29,86.99,90.73,,90.02,96.37,,4.471640590094594
New Zealand,2012,216.34,87.99,90.67,,86.99,90.73,,2.361964677671491
New Zealand,2013,228.26,88.12,87.02,,87.99,90.67,,5.363408592331087
New Zealand,2014,241.09,87.35,86.08,,88.12,87.02,,5.468497763575453
New Zealand,2015,251.98,89.55,85.25,,87.35,86.08,,4.417941152127458
New Zealand,2016,266.99,92.11,84.25,,89.55,85.25,,5.786148523285739
New Zealand,2017,286.73,90.79,82.68,,92.11,84.25,,7.132980189517113
New Zealand,2018,302.69,91.09,81.26,,90.79,82.68,,5.416817306221056
New Zealand,2019,320.04,91.74,78.82,,91.09,81.26,,5.573680850920137
New Zealand,2020,323.9,97.15,77.34,,91.74,78.82,,1.1988838195359897
New Zealand,2021,353.02,97.78,72.96,,97.15,77.34,,8.608988637484938
New Zealand,2022,385.58,93.29,71.71,,97.78,72.96,,8.822398161918965
New Zealand,2023,412.46,89.9,69.13,,93.29,71.71,,6.739053720457822
New Zealand,2024,425.49,90.25,69.79,,89.9,69.13,,3.1102214598725197
Norway,1996,1054.67,53.8,85.55,28.45,,,,
Norway,1997,1141.34,53.71,96.77,25.76,53.8,85.55,28.45,7.897508892726091
Norway,1998,1163.68,56.29,108.96,23.57,53.71,96.77,25.76,1.938438670827125
Norway,1999,1266.46,56.12,108.11,24.96,56.29,108.96,23.57,8.463820943370237
Norway,2000,1509.13,52.45,103.86,28.67,56.12,108.11,24.96,17.53077189852963
Norway,2001,1566.71,56.32,107.68,27.23,52.45,103.86,28.67,3.7444553396760227
Norway,2002,1564.15,62.25,111.38,33.94,56.32,107.68,27.23,-0.16353337872159202
Norway,2003,1624.09,66.61,109.77,43.08,62.25,111.38,33.94,3.760511347050066
Norway,2004,1788.12,67.63,113.94,43.83,66.61,109.77,43.08,9.621712967009444
Norway,2005,1997.04,68.66,112.26,42.33,67.63,113.94,43.83,11.050129568491585
Norway,2006,2224.87,69.91,112.56,52.59,68.66,112.26,42.33,10.803240266684266
Norway,2007,2360.17,73.52,127.19,49.52,69.91,112.56,52.59,5.903516339651738
Norway,2008,2622.12,71.17,143.56,47.55,73.52,127.19,49.52,10.52495005431311
Norway,2009,2439.71,81.18,143.07,42.54,71.17,143.56,47.55,-7.2103971102057685
Norway,2010,2605.35,81.49,142.97,42.95,81.18,143.07,42.54,6.568784340341338
Norway,2011,2809.93,81.12,136.17,29.61,81.49,142.97,42.95,7.559254881734656
Norway,2012,2983.08,82.6,141.83,30.91,81.12,136.17,29.61,5.979675180861133
Norway,2013,3090.34,85.46,136.74,31.43,82.6,141.83,30.91,3.5324793407045973
Norway,2014,3161.78,88.91,139.0,29.66,85.46,136.74,31.43,2.2854042930161356
Norway,2015,3130.18,95.17,153.42,34.33,88.91,139.0,29.66,-1.0044649263397432
Norway,2016,3116.04,101.5,153.93,37.94,95.17,153.42,34.33,-0.4527545989178705
Norway,2017,3323.1,101.21,142.71,38.26,101.5,153.93,37.94,6.4335117312277035
Norway,2018,3576.58,99.32,133.23,39.41,101.21,142.71,38.26,7.350895434437987
Norway,2019,3596.94,103.6,142.86,40.56,99.32,133.23,39.41,0.5676447453984323
Norway,2020,3461.58,113.04,163.39,46.11,103.6,142.86,40.56,-3.835835177044089
Norway,2021,4323.93,95.11,142.7,41.64,113.04,163.39,46.11,22.243957869498665
Norway,2022,5732.91,74.68,126.01,36.11,95.11,142.7,41.64,28.205854428412458
Norway,2023,5101.56,86.94,144.11,44.21,74.68,126.01,36.11,-11.667687990514253
Norway,2024,5198.05,88.62,144.34,42.72,86.94,144.11,44.21,1.8737179946546334
Poland,1996,424.59,3.71,22.06,43.17,,,,
Poland,1997,517.99,4.52,22.75,42.71,3.71,22.06,43.17,19.88319396399767
Poland,1998,603.97,6.32,27.25,38.69,4.52,22.75,42.71,15.356859077327023
Poland,1999,669.09,6.28,30.48,39.37,6.32,27.25,38.69,10.23940524008724
Poland,2000,748.18,7.12,32.36,36.4,6.28,30.48,39.37,11.172501050815864
Poland,2001,783.55,8.88,33.33,37.16,7.12,32.36,36.4,4.619128523308991
Poland,2002,814.76,12.83,35.97,41.57,8.88,33.33,37.16,3.9058715376715014
Poland,2003,850.0,12.94,34.72,46.41,12.83,35.97,41.57,4.234275813842281
Poland,2004,937.34,13.23,29.33,44.91,12.94,34.72,46.41,9.780972712832359
Poland,2005,993.29,14.96,28.23,46.47,13.23,29.33,44.91,5.7976589106019105
Poland,2006,1073.37,18.29,31.48,47.1,14.96,28.23,46.47,7.753584505883193
Poland,2007,1189.43,22.63,34.13,44.43,18.29,31.48,47.1,10.267096897827876
Poland,2008,1290.42,29.94,39.65,46.56,22.63,34.13,44.43,8.149354600513004
Poland,2009,1375.64,31.53,37.98,49.7,29.94,39.65,46.56,6.395133059481495
Poland,2010,1441.65,34.26,38.42,53.75,31.53,37.98,49.7,4.68692135816422
Poland,2011,1563.94,35.19,41.45,54.78,34.26,38.42,53.75,8.141998726061228
Poland,2012,1622.24,34.23,42.6,54.47,35.19,41.45,54.78,3.659963200625427
Poland,2013,1637.77,35.47,43.99,56.86,34.23,42.6,54.47,0.9527650209201433
Poland,2014,1710.19,35.8,46.26,51.13,35.47,43.99,56.86,4.3268915021963394
Poland,2015,1809.56,35.84,47.39,51.06,35.8,46.26,51.13,5.647924634966817
Poland,2016,1865.96,36.53,49.45,54.13,35.84,47.39,51.06,3.0691944165202933
Poland,2017,1996.84,34.78,46.35,50.44,36.53,49.45,54.13,6.77902650754465
Poland,2018,2147.59,34.61,45.34,48.23,34.78,46.35,50.44,7.278035215123335
Poland,2019,2313.93,34.04,43.1,45.21,34.61,45.34,48.23,7.4601094470848395
Poland,2020,2362.91,34.25,44.34,56.58,34.04,43.1,45.21,2.0946532636421544
Poland,2021,2661.52,31.86,41.97,53.01,34.25,44.34,56.58,11.900347785978127
Poland,2022,3100.85,26.21,39.01,48.79,31.86,41.97,53.01,15.277887929340661
Poland,2023,3401.61,23.7,36.05,49.72,26.21,39.01,48.79,9.25725814989029
Poland,2024,3617.44,22.89,35.53,55.28,23.7,36.05,49.72,6.151774439165969
Portugal,1996,94.35,32.8,69.48,63.31,,,,
Portugal,1997,102.33,37.27,68.87,58.72,32.8,69.48,63.31,8.119161328410485
Portugal,1998,111.35,43.97,74.93,55.62,37.27,68.87,58.72,8.447550860471331
Portugal,1999,119.6,52.74,78.47,55.41,43.97,74.93,55.62,7.147444781315482
Portugal,2000,128.41,58.82,83.93,54.19,52.74,78.47,55.41,7.107542832665104
Portugal,2001,135.78,63.45,90.9,57.38,58.82,83.93,54.19,5.5807659030318035
Portugal,2002,142.55,67.37,92.93,60.04,63.45,90.9,57.38,4.865688648518063
Portugal,2003,146.07,71.44,96.13,63.9,67.37,92.93,60.04,2.4393143504037873
Portugal,2004,152.25,75.74,100.9,67.1,71.44,96.13,63.9,4.143794772728704
Portugal,2005,158.55,79.82,101.05,72.25,75.74,100.9,67.1,4.0546094394350085
Portugal,2006,166.26,83.8,100.44,73.68,79.82,101.05,72.25,4.748282711858565
Portugal,2007,175.48,86.79,107.11,72.73,83.8,100.44,73.68,5.3972248195071515
Portugal,2008,179.1,88.91,117.39,75.64,86.79,107.11,72.73,2.041923276865276
Portugal,2009,175.42,92.18,123.22,87.8,88.91,117.39,75.64,-2.076121054343094
Portugal,2010,179.86,91.06,126.9,100.08,92.18,123.22,87.8,2.499567196313368
Portugal,2011,176.32,90.64,132.44,114.02,91.06,126.9,100.08,-1.9878244521819077
Portugal,2012,168.54,90.18,140.86,128.6,90.64,132.44,114.02,-4.51274156203425
Portugal,2013,170.68,85.5,133.8,130.84,90.18,140.86,128.6,1.2617347975591997
Portugal,2014,173.19,80.93,127.44,132.45,85.5,133.8,130.84,1.459879942115272
Portugal,2015,179.39,76.0,121.34,131.02,80.93,127.44,132.45,3.5172948970046747
Portugal,2016,186.38,71.62,113.04,131.18,76.0,121.34,131.02,3.8225393646510675
Portugal,2017,195.51,68.4,109.47,126.03,71.62,113.04,131.18,4.782392865488916
Portugal,2018,205.0,65.44,102.72,121.11,68.4,109.47,126.03,4.739845012600963
Portugal,2019,214.49,62.94,97.23,116.11,65.44,102.72,121.11,4.525313809629505
Portugal,2020,201.03,68.32,107.84,134.1,62.94,97.23,116.11,-6.480896658151458
Portugal,2021,216.49,65.98,102.35,123.88,68.32,107.84,134.1,7.409020634614993
Portugal,2022,243.96,60.3,91.92,111.23,65.98,102.35,123.88,11.945992042891707
Portugal,2023,267.92,54.8,82.27,97.73,60.3,91.92,111.23,9.368415105769312
Portugal,2024,285.19,53.32,77.22,94.93,54.8,82.27,97.73,6.246719632586206
Slovak Republic,1996,22.25,3.23,56.96,30.34,,,,
Slovak Republic,1997,24.58,3.61,55.3,32.82,3.23,56.96,30.34,9.95910955256396
Slovak Republic,1998,26.8,4.09,58.53,33.78,3.61,55.3,32.82,8.646878337892216
Slovak Republic,1999,28.61,3.63,55.41,47.0,4.09,58.53,33.78,6.53544195452076
Slovak Republic,2000,31.63,4.25,43.14,50.5,3.63,55.41,47.0,10.034973025553873
Slovak Republic,2001,34.31,5.81,41.08,51.2,4.25,43.14,50.5,8.133081955280108
Slovak Republic,2002,37.27,5.74,45.19,45.37,5.81,41.08,51.2,8.275185662080853
Slovak Republic,2003,41.21,7.09,39.95,43.52,5.74,45.19,45.37,10.049223185955913
Slovak Republic,2004,46.0,8.18,39.0,41.88,7.09,39.95,43.52,10.996045113836894
Slovak Republic,2005,50.28,12.31,36.95,34.88,8.18,39.0,41.88,8.89659872329518
Slovak Republic,2006,56.35,14.04,38.22,31.43,12.31,36.95,34.88,11.397485676373842
Slovak Republic,2007,63.18,18.0,43.0,30.34,14.04,38.22,31.43,11.440555488815374
Slovak Republic,2008,68.56,20.88,44.39,28.61,18.0,43.0,30.34,8.172147891558534
Slovak Republic,2009,64.06,23.67,46.63,36.38,20.88,44.39,28.61,-6.78891301085125
Slovak Republic,2010,68.73,24.37,43.12,40.64,23.67,46.63,36.38,7.036564095250242
Slovak Republic,2011,71.63,26.02,45.93,43.25,24.37,43.12,40.64,4.132819549284594
Slovak Republic,2012,73.73,28.01,47.07,51.67,26.02,45.93,43.25,2.88957913751986
Slovak Republic,2013,74.64,29.54,49.39,54.58,28.01,47.07,51.67,1.2266784537529496
Slovak Republic,2014,76.56,32.28,51.66,53.35,29.54,49.39,54.58,2.539819060561044
Slovak Republic,2015,80.38,34.19,50.38,51.52,32.28,51.66,53.35,4.869064187635619
Slovak Republic,2016,81.62,38.08,55.49,52.05,34.19,50.38,51.52,1.5308940956604289
Slovak Republic,2017,84.96,40.73,55.53,51.29,38.08,55.49,52.05,4.010622751596937
Slovak Republic,2018,90.28,42.16,54.18,49.19,40.73,55.53,51.29,6.073539445570653
Slovak Republic,2019,94.55,43.42,53.45,47.92,42.16,54.18,49.19,4.621284315513119
Slovak Republic,2020,94.32,46.1,54.08,58.3,43.42,53.45,47.92,-0.24355388753507512
Slovak Republic,2021,101.96,46.24,51.68,60.06,46.1,54.08,58.3,7.788732327879888
Slovak Republic,2022,110.09,46.95,51.98,57.57,46.24,51.68,60.06,7.671763357439776
Slovak Republic,2023,122.92,43.98,46.38,56.0,46.95,51.98,57.57,11.023552417997173
Slovak Republic,2024,129.97,43.4,44.94,58.02,43.98,46.38,56.0,5.576991733121339
Slovenia,1996,12.13,13.89,28.11,21.6,,,,
Slovenia,1997,13.81,12.32,30.05,22.1,13.89,28.11,21.6,12.971124446524174
Slovenia,1998,15.29,15.16,34.4,22.82,12.32,30.05,22.1,10.180605251977015
Slovenia,1999,17.15,16.06,39.31,23.82,15.16,34.4,22.82,11.479915367097782
Slovenia,2000,18.73,16.06,44.23,26.09,16.06,39.31,23.82,8.812834284404847
Slovenia,2001,20.94,15.47,48.42,26.32,16.06,44.23,26.09,11.153468898639396
Slovenia,2002,23.27,15.54,50.84,27.68,15.47,48.42,26.32,10.550377187180926
Slovenia,2003,25.38,15.85,54.16,27.03,15.54,50.84,27.68,8.679648497204129
Slovenia,2004,27.42,16.38,58.16,27.1,15.85,54.16,27.03,7.731121184792666
Slovenia,2005,28.91,18.97,65.63,26.59,16.38,58.16,27.1,5.291488189408655
Slovenia,2006,31.29,21.66,68.38,26.21,18.97,65.63,26.59,7.911100165253604
Slovenia,2007,34.94,24.67,79.93,22.94,21.66,68.38,26.21,11.033374702511978
Slovenia,2008,37.74,25.72,89.56,21.89,24.67,79.93,22.94,7.7088235234493485
Slovenia,2009,35.83,28.78,96.51,34.94,25.72,89.56,21.89,-5.193500862354172
Slovenia,2010,36.05,30.53,95.53,38.61,28.78,96.51,34.94,0.6121332414095626
Slovenia,2011,36.78,30.08,95.58,46.81,30.53,95.53,38.61,2.0047355445217185
Slovenia,2012,35.93,30.97,93.87,54.07,30.08,95.58,46.81,-2.338161805074801
Slovenia,2013,36.04,29.86,83.17,70.84,30.97,93.87,54.07,0.30568316147099317
Slovenia,2014,37.27,28.46,73.08,81.13,29.86,83.17,70.84,3.3559280751029874
Slovenia,2015,38.49,27.8,64.18,83.42,28.46,73.08,81.13,3.220975380448765
Slovenia,2016,40.01,27.48,57.96,79.43,27.8,64.18,83.42,3.8730955573488934
Slovenia,2017,42.63,27.3,53.57,74.89,27.48,57.96,79.43,6.342880790797523
Slovenia,2018,45.46,27.09,50.02,71.01,27.3,53.57,74.89,6.427458764727856
Slovenia,2019,48.16,26.94,46.85,66.02,27.09,50.02,71.01,5.769598257616826
Slovenia,2020,46.74,27.87,46.78,80.17,26.94,46.85,66.02,-2.9928471889853814
Slovenia,2021,52.02,26.43,45.27,74.83,27.87,46.78,80.17,10.702793090979368
Slovenia,2022,56.91,25.93,44.86,72.74,26.43,45.27,74.83,8.98428125945272
Slovenia,2023,63.95,23.92,39.77,68.39,25.93,44.86,72.74,11.663045540981898
Slovenia,2024,66.97,24.31,37.63,67.04,23.92,39.77,68.39,4.61432298971074
Spain,1996,488.95,32.32,50.27,65.44,,,,
Spain,1997,518.97,34.49,51.43,64.29,32.32,50.27,65.44,5.958584326871197
Spain,1998,555.56,38.1,53.96,62.35,34.49,51.43,64.29,6.813053602102226
Spain,1999,595.24,42.32,65.21,60.85,38.1,53.96,62.35,6.898807151383135
Spain,2000,647.57,45.64,76.61,57.84,42.32,65.21,60.85,8.4262210276691
Spain,2001,700.96,47.32,84.08,54.05,45.64,76.61,57.84,7.9223928227047935
Spain,2002,749.74,51.21,86.88,51.24,47.32,84.08,54.05,6.727565569532157
Spain,2003,802.68,56.71,91.57,47.69,51.21,86.88,51.24,6.822964915740659
Spain,2004,860.06,63.49,98.55,45.33,56.71,91.57,47.69,6.904602533746207
Spain,2005,928.12,70.88,108.66,42.4,63.49,98.55,45.33,7.615888051538722
Spain,2006,1004.98,78.22,123.26,39.02,70.88,108.66,42.4,7.956188502648054
Spain,2007,1077.54,81.95,134.5,35.7,78.22,123.26,39.02,6.971302446105376
Spain,2008,1112.43,82.77,138.64,39.61,81.95,134.5,35.7,3.186614645374952
Spain,2009,1072.99,84.99,144.9,53.08,82.77,138.64,39.61,-3.6097667789671384
Spain,2010,1077.15,84.31,146.68,60.27,84.99,144.9,53.08,0.38695203016576585
Spain,2011,1068.69,82.45,143.93,69.53,84.31,146.68,60.27,-0.7885064900271743
Spain,2012,1035.96,81.41,136.53,89.56,82.45,143.93,69.53,-3.1105066288732885
Spain,2013,1025.65,77.61,130.37,100.0,81.41,136.53,89.56,-1.000197510728551
Spain,2014,1038.95,73.14,120.65,104.42,77.61,130.37,100.0,1.2884029817743503
Spain,2015,1087.11,67.61,112.42,102.44,73.14,120.65,104.42,4.531221120751727
Spain,2016,1122.97,64.1,108.1,101.97,67.61,112.42,102.44,3.245416226970299
Spain,2017,1170.02,60.85,100.82,101.14,64.1,108.1,101.97,4.104388143968496
Spain,2018,1212.28,58.61,97.51,99.72,60.85,100.82,101.14,3.548204138704758
Spain,2019,1253.71,56.52,95.34,97.58,58.61,97.51,99.72,3.360427143021205
Spain,2020,1129.21,62.14,108.64,119.18,56.52,95.34,97.58,-10.45888823127985
Spain,2021,1235.47,57.18,101.99,115.59,62.14,108.64,119.18,8.99331912992638
Spain,2022,1373.63,51.46,91.56,109.4,57.18,101.99,115.59,10.60054062975837
Spain,2023,1498.32,46.1,84.01,105.03,51.46,91.56,109.4,8.688760965749509
Spain,2024,1591.63,43.7,80.28,101.82,46.1,84.01,105.03,6.041416791055987
Sweden,1996,1957.83,43.51,87.23,68.93,,,,
Sweden,1997,2048.08,43.98,93.19,67.7,43.51,87.23,68.93,4.506605186445345
Sweden,1998,2153.55,44.41,97.45,65.4,43.98,93.19,67.7,5.021487434533345
Sweden,1999,2266.55,45.82,101.37,60.28,44.41,97.45,65.4,5.114120834138447
Sweden,2000,2408.79,47.2,107.05,50.44,45.82,101.37,60.28,6.086569513100759
Sweden,2001,2504.8,49.32,112.53,51.99,47.2,107.05,50.44,3.908434429799179
Sweden,2002,2603.44,51.17,109.65,49.84,49.32,112.53,51.99,3.862475642544627
Sweden,2003,2701.42,53.72,104.56,49.44,51.17,109.65,49.84,3.6943913230135017
Sweden,2004,2826.0,56.74,102.1,48.67,53.72,104.56,49.44,4.508472357669557
Sweden,2005,2927.14,60.69,106.65,48.9,56.74,102.1,48.67,3.516355284678685
Sweden,2006,3117.51,63.05,78.28,43.84,60.69,106.65,48.9,6.300876915626308
Sweden,2007,3312.15,64.99,97.03,39.2,63.05,78.28,43.84,6.056291908714506
Sweden,2008,3391.89,68.66,120.52,37.95,64.99,97.03,39.2,2.378976280600398
Sweden,2009,3324.15,75.97,126.27,41.19,68.66,120.52,37.95,-2.0173285829706344
Sweden,2010,3551.53,76.39,114.1,38.59,75.97,126.27,41.19,6.61644942262356
Sweden,2011,3704.84,76.98,117.11,37.67,76.39,114.1,38.59,4.226157637520167
Sweden,2012,3724.51,79.69,117.18,37.99,76.98,117.11,37.67,0.5295226624474125
Sweden,2013,3804.99,81.58,128.95,40.78,79.69,117.18,37.99,2.1378063634561073
Sweden,2014,3963.68,82.74,120.79,45.69,81.58,128.95,40.78,4.08595234810285
Sweden,2015,4231.75,83.0,129.41,44.46,82.74,120.79,45.69,6.54427324167397
Sweden,2016,4402.73,85.94,125.63,42.79,83.0,129.41,44.46,3.9609183980259033
Sweden,2017,4582.91,88.02,131.48,41.56,85.94,125.63,42.79,4.010936447499525
Sweden,2018,4792.29,88.75,127.29,39.81,88.02,131.48,41.56,4.467420896892804
Sweden,2019,5033.44,88.8,135.85,35.69,88.75,127.29,39.81,4.9095270469948105
Sweden,2020,5020.98,93.98,144.39,40.14,88.8,135.85,35.69,-0.2478513206829902
Sweden,2021,5464.88,92.22,149.76,36.69,93.98,144.39,40.14,8.471702969905515
Sweden,2022,5865.21,89.13,154.17,33.63,92.22,149.76,36.69,7.069612361760669
Sweden,2023,6212.14,84.54,123.49,31.46,89.13,154.17,33.63,5.7467154966566625
Sweden,2024,6447.5,82.69,163.87,32.64,84.54,123.49,31.46,3.7187016715764187
Switzerland,1996,420.54,103.74,96.03,51.34,,,,
Switzerland,1997,427.88,103.74,96.03,53.67,103.74,96.03,51.34,1.7303182697641084
Switzerland,1998,439.64,103.74,96.03,55.94,103.74,96.03,53.67,2.7113427762770037
Switzerland,1999,447.01,103.74,96.03,52.69,103.74,96.03,55.94,1.662475552728715
Switzerland,2000,471.7,100.8,90.46,52.23,103.74,96.03,52.69,5.376222456222912
Switzerland,2001,483.97,99.36,87.43,51.08,100.8,90.46,52.23,2.567973103428667
Switzerland,2002,482.51,102.88,85.09,57.7,99.36,87.43,51.08,-0.30212753716289953
Switzerland,2003,487.67,107.52,88.22,56.88,102.88,85.09,57.7,1.0637301645773256
Switzerland,2004,501.7,107.91,86.49,57.8,107.52,88.22,56.88,2.8363383891560012
Switzerland,2005,520.81,109.16,86.5,54.88,107.91,86.49,57.8,3.7382960448689495
Switzerland,2006,554.07,107.2,85.93,48.46,109.16,86.5,54.88,6.190574061703291
Switzerland,2007,589.47,103.65,97.68,44.75,107.2,85.93,48.46,6.193279554128495
Switzerland,2008,614.04,101.37,97.22,44.82,103.65,97.68,44.75,4.083624450778611
Switzerland,2009,602.69,107.04,107.51,43.09,101.37,97.22,44.82,-1.8657104256305956
Switzerland,2010,624.01,107.66,106.92,41.46,107.04,107.51,43.09,3.4763425533349768
Switzerland,2011,635.72,110.24,111.25,41.88,107.66,106.92,41.46,1.8591820946574522
Switzerland,2012,643.77,113.08,116.05,42.57,110.24,111.25,41.88,1.2583304627892922
Switzerland,2013,655.09,116.53,113.55,41.95,113.08,116.05,42.57,1.7431111319748283
Switzerland,2014,665.71,119.56,110.38,42.07,116.53,113.55,41.95,1.6081509499155544
Switzerland,2015,667.71,122.34,111.72,42.16,119.56,110.38,42.07,0.2999807262238363
Switzerland,2016,677.73,123.83,117.26,40.93,122.34,111.72,42.16,1.4895030999587
Switzerland,2017,684.9,126.38,124.77,41.75,123.83,117.26,40.93,1.0523863666618283
Switzerland,2018,709.86,125.42,119.04,39.78,126.38,124.77,41.75,3.5794925289767576
Switzerland,2019,717.33,127.03,139.03,39.64,125.42,119.04,39.78,1.0468218268993468
Switzerland,2020,696.04,134.96,141.84,43.2,127.03,139.03,39.64,-3.012885581524305
Switzerland,2021,744.51,130.3,149.25,40.98,134.96,141.84,43.2,6.731915391992516
Switzerland,2022,791.1,126.24,145.05,37.19,130.3,149.25,40.98,6.069809816004845
Switzerland,2023,804.03,126.04,137.46,38.68,126.24,145.05,37.19,1.6212199888322232
Switzerland,2024,824.74,125.43,136.28,37.58,126.04,137.46,38.68,2.543160323318183
Turkiye,1996,20.35,15.96,39.72,51.32,,,,
Turkiye,1997,39.72,15.96,39.72,51.32,15.96,39.72,51.32,66.87739272883677
Turkiye,1998,71.94,15.96,39.72,51.32,15.96,39.72,51.32,59.397759909050585
Turkiye,1999,107.37,15.96,39.72,51.32,15.96,39.72,51.32,40.044837517856635
Turkiye,2000,171.49,15.96,39.72,51.32,15.96,39.72,51.32,46.824414242201144
Turkiye,2001,247.27,15.96,39.72,75.51,15.96,39.72,51.32,36.59559011510281
Turkiye,2002,362.11,15.96,39.72,71.51,15.96,39.72,75.51,38.14671760516539
Turkiye,2003,472.17,15.96,39.72,65.16,15.96,39.72,71.51,26.53910571608815
Turkiye,2004,582.85,15.96,39.72,57.16,15.96,39.72,65.16,21.059077313422225
Turkiye,2005,680.28,15.96,39.72,50.2,15.96,39.72,57.16,15.457461475837153
Turkiye,2006,795.76,15.96,39.72,44.23,15.96,39.72,50.2,15.67931547199457
Turkiye,2007,887.71,15.96,39.72,37.76,15.96,39.72,44.23,10.934748023369156
Turkiye,2008,1002.76,15.96,39.72,37.75,15.96,39.72,37.76,12.1866364098004
Turkiye,2009,1006.37,15.96,39.72,43.21,15.96,39.72,37.75,0.3593599105032652
Turkiye,2010,1167.66,15.96,39.72,39.51,15.96,39.72,43.21,14.865194884024202
Turkiye,2011,1404.93,17.01,43.95,35.91,15.96,39.72,39.51,18.49857333415006
Turkiye,2012,1581.48,18.05,44.42,32.23,17.01,43.95,35.91,11.837363798116929
Turkiye,2013,1823.43,19.45,51.88,30.89,18.05,44.42,32.23,14.235822535217846
Turkiye,2014,2054.9,18.56,55.88,28.28,19.45,51.88,30.89,11.950784214984722
Turkiye,2015,2350.94,17.73,61.49,27.16,18.56,55.88,28.28,13.458806321370709
Turkiye,2016,2626.56,17.47,66.94,27.75,17.73,61.49,27.16,11.085975706265483
Turkiye,2017,3133.7,16.88,66.88,27.78,17.47,66.94,27.75,17.65394097979396
Turkiye,2018,3761.17,14.57,67.76,29.86,16.88,66.88,27.78,18.251566417317022
Turkiye,2019,4317.81,14.6,64.86,32.39,14.57,67.76,29.86,13.801825006063773
Turkiye,2020,5048.57,17.41,70.7,39.45,14.6,64.86,32.39,15.635670559892212
Turkiye,2021,7256.14,14.43,72.89,40.38,17.41,70.7,39.45,36.27429721330504
Turkiye,2022,15011.78,10.79,53.91,30.8,14.43,72.89,40.38,72.69872192189072
Turkiye,2023,26545.72,10.78,46.52,29.26,10.79,53.91,30.8,57.00333031972349
Turkiye,2024,43410.51,9.64,38.37,25.97,10.78,46.52,29.26,49.183304826763674
United Kingdom,1996,909.99,56.8,51.9,44.74,,,,
United Kingdom,1997,953.41,57.68,54.35,44.13,56.8,51.9,44.74,4.661142105319982
United Kingdom,1998,998.5,59.81,60.22,41.97,57.68,54.35,44.13,4.620912136314281
United Kingdom,1999,1043.25,63.12,65.6,40.41,59.81,60.22,41.97,4.384196661579232
United Kingdom,2000,1100.75,65.27,70.74,37.69,63.12,65.6,40.41,5.365092516420145
United Kingdom,2001,1146.14,69.21,75.17,34.96,65.27,70.74,37.69,4.040800922626708
United Kingdom,2002,1191.44,75.02,79.37,35.43,69.21,75.17,34.96,3.8762884715481505
United Kingdom,2003,1258.33,79.82,74.77,36.76,75.02,79.37,35.43,5.462278542727184
United Kingdom,2004,1322.64,85.38,72.77,39.8,79.82,74.77,36.76,4.984429423820558
United Kingdom,2005,1398.75,87.43,78.22,41.0,85.38,72.77,39.8,5.594924138304513
United Kingdom,2006,1472.04,91.59,80.6,42.06,87.43,78.22,41.0,5.107021320652638
United Kingdom,2007,1544.64,94.75,81.24,43.17,91.59,80.6,42.06,4.8141679639466695
United Kingdom,2008,1593.6,95.29,89.99,50.83,94.75,81.24,43.17,3.120473435820603
United Kingdom,2009,1548.8,98.07,87.15,64.92,95.29,89.99,50.83,-2.851517030802153
United Kingdom,2010,1608.55,94.95,82.1,75.86,98.07,87.15,64.92,3.7852714535317133
United Kingdom,2011,1662.59,92.34,80.14,81.43,94.95,82.1,75.86,3.3043475345460926
United Kingdom,2012,1713.72,90.87,82.26,84.48,92.34,80.14,81.43,3.028981884975135
United Kingdom,2013,1781.36,89.7,77.76,85.32,90.87,82.26,84.48,3.8710671243360473
United Kingdom,2014,1862.51,88.29,71.68,87.09,89.7,77.76,85.32,4.454792287061515
United Kingdom,2015,1916.45,88.13,69.64,87.87,88.29,71.68,87.09,2.854947588831269
United Kingdom,2016,1991.65,88.12,75.19,87.83,88.13,69.64,87.87,3.8488924640621036
United Kingdom,2017,2082.48,87.2,76.53,86.72,88.12,75.19,87.83,4.459605025759306
United Kingdom,2018,2152.3,86.86,71.69,86.35,87.2,76.53,86.72,3.2977546616788977
United Kingdom,2019,2233.92,85.7,71.28,85.66,86.86,71.69,86.35,3.7220852011903283
United Kingdom,2020,2103.49,92.91,83.78,105.84,85.7,71.28,85.66,-6.016001974422025
United Kingdom,2021,2285.4,87.8,76.05,105.13,92.91,83.78,105.84,8.29431936747973
United Kingdom,2022,2526.43,82.46,66.14,99.61,87.8,76.05,105.13,10.026617532244142
United Kingdom,2023,2711.19,78.31,63.93,100.36,82.46,66.14,99.61,7.058041384732583
United Kingdom,2024,2850.99,76.18,61.15,101.29,78.31,63.93,100.36,5.02786494829266
United States,1996,8073.13,65.85,56.49,68.23,,,,
United States,1997,8577.55,65.94,58.13,65.84,65.85,56.49,68.23,6.060706159498608
United States,1998,9062.83,67.43,61.97,62.6,65.94,58.13,65.84,5.503310837313791
United States,1999,9631.18,69.37,64.58,59.03,67.43,61.97,62.6,6.08243187411599
United States,2000,10250.95,70.71,66.01,53.17,69.37,64.58,59.03,6.236463216435872
United States,2001,10581.93,74.58,66.83,53.33,70.71,66.01,53.17,3.1777445236997437
United States,2002,10929.1,79.31,66.3,55.72,74.58,66.83,53.33,3.2281127167204104
United States,2003,11456.45,85.1,64.21,58.8,79.31,66.3,55.72,4.7123933552429165
United States,2004,12217.18,89.06,64.19,66.28,85.1,64.21,58.8,6.429026770828372
United States,2005,13039.2,92.44,64.9,65.61,89.06,64.19,66.28,6.5117047041923115
United States,2006,13815.6,96.61,67.25,64.34,92.44,64.9,65.61,5.783818356219506
United States,2007,14474.25,98.4,72.19,64.74,96.61,67.25,64.34,4.65728201597102
United States,2008,14769.85,95.89,74.78,73.59,98.4,72.19,64.74,2.0216732125470926
United States,2009,14478.05,96.72,72.78,86.79,95.89,74.78,73.59,-1.995423138999719
United States,2010,15048.98,91.5,69.15,95.35,96.72,72.78,86.79,3.8676505431073593
United States,2011,15599.73,87.58,68.47,99.68,91.5,69.15,95.35,3.5943391601664487
United States,2012,16253.95,83.39,69.3,103.24,87.58,68.47,99.68,4.108234974701119
United States,2013,16880.68,81.55,70.06,104.52,83.39,69.3,103.24,3.7833816556192446
United States,2014,17608.13,78.75,71.87,104.43,81.55,70.06,104.52,4.219095448802257
United States,2015,18295.0,76.95,73.83,104.85,78.75,71.87,104.43,3.8267071266540498
United States,2016,18804.9,77.04,75.43,106.78,76.95,73.83,104.85,2.748967570234484
United States,2017,19612.1,76.65,77.49,105.73,77.04,75.43,106.78,4.202924852150147
United States,2018,20656.53,75.03,78.4,107.04,76.65,77.49,105.73,5.188476948443643
United States,2019,21539.98,74.65,78.48,108.2,75.03,78.4,107.04,4.187925104325174
United States,2020,21354.13,77.98,86.63,132.03,74.65,78.48,108.2,-0.8665579632731735
United States,2021,23681.18,77.01,82.82,124.72,77.98,86.63,132.03,10.343547626538552
United States,2022,26006.9,74.59,79.34,118.81,77.01,82.82,124.72,9.368124757324026
United States,2023,27720.73,71.83,75.9,119.0,74.59,79.34,118.81,6.381862132268523
United States,2024,29184.9,69.35,73.77,120.79,71.83,75.9,119.0,5.147094348092018
