Pays,Year,"Total private debt,  all instruments (percent of GDP)","Total private debt,  loans and debt securities (percent of GDP)","Household debt, all instruments (percent of GDP)","Household debt, loans and debt securities (percent of GDP)","Non-financial corporations debt, all instruments (percent of GDP)","Non-financial corporations debt, loans and debt securities (percent of GDP)",General government debt (percent of GDP),Central government debt (percent of GDP),Nominal gross domestic product (billions)
Australia,1996,,"115,90",,"56,57",,"59,33","29,35","21,38","542,40"
Australia,1997,,"121,26",,"59,98",,"61,28","25,91","20,51","573,07"
Australia,1998,,"126,54",,"63,55",,"62,99","23,70","16,28","606,13"
Australia,1999,,"131,83",,"67,93",,"63,90","22,54","15,44","638,38"
Australia,2000,,"138,90",,"70,18",,"68,72","19,50","13,69","687,43"
Australia,2001,,"139,24",,"73,88",,"65,36","17,11","11,98","730,49"
Australia,2002,,"145,08",,"81,39",,"63,69","15,01","10,31","782,37"
Australia,2003,,"152,67",,"90,62",,"62,04","13,19","8,97","830,19"
Australia,2004,,"158,73",,"96,79",,"61,93","11,91","8,08","894,33"
Australia,2005,,"169,11",,"101,33",,"67,78","10,86","7,34","964,21"
Australia,2006,,"178,54",,"106,11",,"72,42","9,94","6,55","1039,95"
Australia,2007,,"187,42",,"109,17",,"78,25","9,67","6,07","1133,01"
Australia,2008,,"188,04",,"107,25",,"80,78","11,74","7,60","1235,36"
Australia,2009,,"186,36",,"112,20",,"74,16","16,62","11,48","1264,78"
Australia,2010,,"177,93",,"111,11",,"66,82","20,35","14,23","1364,46"
Australia,2011,,"173,35",,"109,01",,"64,35","24,04","16,98","1468,21"
Australia,2012,,"175,48",,"109,89",,"65,59","27,52","19,23","1515,87"
Australia,2013,,"181,40",,"112,19",,"69,21","30,47","21,24","1569,45"
Australia,2014,,"186,81",,"115,87",,"70,94","34,04","24,59","1613,99"
Australia,2015,,"197,15",,"120,98",,"76,17","37,73","28,45","1639,52"
Australia,2016,,"198,90",,"123,76",,"75,14","40,62","31,62","1697,37"
Australia,2017,,"194,15",,"123,03",,"71,11","41,20","32,38","1801,20"
Australia,2018,,"193,82",,"122,26",,"71,57","41,76","32,92","1894,25"
Australia,2019,,"189,55",,"118,98",,"70,58","46,72","36,58","1993,43"
Australia,2020,,"191,76",,"122,34",,"69,42","57,09","43,63","1973,59"
Australia,2021,,"181,42",,"117,69",,"63,73","55,54","41,01","2202,57"
Australia,2022,,"170,76",,"110,70",,"60,06","50,22","35,68","2482,84"
Australia,2023,,"168,96",,"109,82",,"59,14","48,97","35,62","2620,92"
Australia,2024,,"172,99",,"112,15",,"60,84","49,83","36,79","2722,07"
Austria,1996,"125,17","114,46","43,17","43,98","82,00","70,49","68,18","55,92","181,54"
Austria,1997,"130,19","118,91","43,30","44,09","86,89","74,82","63,37","57,12","187,78"
Austria,1998,"130,62","119,77","42,66","43,42","87,96","76,36","69,20","57,15","195,27"
Austria,1999,"137,02","125,72","44,66","45,45","92,37","80,27","61,34","58,10","203,07"
Austria,2000,"144,39","133,01","45,40","45,24","98,98","87,77","66,11","56,83","212,41"
Austria,2001,"146,72","134,74","45,68","45,51","101,04","89,24","67,24","55,35","219,37"
Austria,2002,"147,51","134,47","46,61","46,39","100,91","88,07","67,44","55,07","225,09"
Austria,2003,"151,60","137,00","47,11","46,87","104,50","90,13","66,41","55,03","230,54"
Austria,2004,"149,63","134,86","48,10","47,89","101,52","86,98","65,91","56,35","240,54"
Austria,2005,"154,18","139,30","52,57","52,18","101,60","87,11","69,43","56,00","252,36"
Austria,2006,"153,23","136,79","53,09","52,71","100,14","84,08","68,18","54,62","265,93"
Austria,2007,"157,86","140,89","52,30","51,86","105,57","89,03","65,81","52,22","282,21"
Austria,2008,"159,76","143,11","52,93","52,40","106,84","90,71","69,53","55,50","291,85"
Austria,2009,"160,72","145,62","54,13","53,69","106,59","91,93","80,75","58,93","286,27"
Austria,2010,"165,14","147,99","55,22","54,77","109,92","93,22","83,65","60,12","294,05"
Austria,2011,"163,27","145,81","53,81","53,40","109,46","92,41","83,36","59,44","308,17"
Austria,2012,"164,17","144,03","53,34","52,16","110,83","91,87","82,94","59,87","316,59"
Austria,2013,"171,06","148,47","53,00","51,73","118,06","96,74","82,43","60,38","321,19"
Austria,2014,"166,07","144,66","52,62","51,57","113,45","93,09","85,21","59,44","330,11"
Austria,2015,"164,08","144,01","52,32","51,31","111,76","92,71","85,61","58,21","342,08"
Austria,2016,"164,20","143,70","51,85","50,99","112,35","92,71","83,42","58,41","355,67"
Austria,2017,"163,65","142,80","51,08","50,23","112,57","92,57","79,06","57,51","367,29"
Austria,2018,"165,11","142,83","50,42","49,51","114,69","93,31","74,59","55,23","383,23"
Austria,2019,"162,94","142,44","50,43","49,39","112,52","93,05","71,01","52,76","395,71"
Austria,2020,"173,78","152,94","54,01","52,80","119,77","100,14","83,18","62,57","380,32"
Austria,2021,"174,81","153,05","52,77","51,69","122,05","101,36","82,39","62,42","406,23"
Austria,2022,"162,16","141,21","49,25","48,30","112,91","92,91","78,34","60,44","448,19"
Austria,2023,"152,33","133,83","45,96","44,94","106,37","88,88","78,40","59,78","473,85"
Austria,2024,"152,23","133,01","44,97","44,01","107,26","89,00","81,21","62,12","481,74"
Belgium,1996,"158,19","110,45","42,34","39,40","115,86","71,05","129,00","114,05","214,29"
Belgium,1997,"172,33","117,56","43,23","40,26","129,10","77,30","124,27","111,37","224,10"
Belgium,1998,"162,40","123,75","42,67","41,75","119,73","82,00","119,19","106,87","232,62"
Belgium,1999,"176,65","136,27","43,28","42,09","133,37","94,18","115,36","103,87","242,31"
Belgium,2000,"186,72","146,20","41,80","40,79","144,92","105,41","109,59","98,93","256,38"
Belgium,2001,"192,68","152,17","40,05","39,11","152,64","113,06","108,22","98,16","264,34"
Belgium,2002,"191,30","149,19","40,17","39,35","151,13","109,83","105,44","95,30","273,26"
Belgium,2003,"195,98","155,66","40,75","39,54","155,23","116,12","101,66","89,33","281,20"
Belgium,2004,"199,56","158,53","41,82","40,52","157,74","118,00","97,17","85,09","296,82"
Belgium,2005,"198,43","156,86","44,47","43,30","153,95","113,56","95,14","83,86","310,04"
Belgium,2006,"202,81","159,07","46,66","45,52","156,15","113,55","91,49","80,87","325,15"
Belgium,2007,"213,99","170,09","48,52","47,09","165,47","122,99","87,32","77,20","343,62"
Belgium,2008,"236,54","192,09","51,24","49,87","185,31","142,22","93,16","82,74","351,74"
Belgium,2009,"244,18","200,69","53,48","52,09","190,69","148,60","99,85","86,18","347,74"
Belgium,2010,"232,24","189,40","54,33","52,98","177,91","136,42","100,25","85,74","363,24"
Belgium,2011,"242,28","198,20","56,57","54,99","185,71","143,21","102,74","87,82","378,75"
Belgium,2012,"247,00","203,20","56,99","55,42","190,01","147,78","104,33","88,57","387,94"
Belgium,2013,"246,72","204,15","57,70","56,11","189,02","148,04","105,02","89,23","394,62"
Belgium,2014,"246,52","204,43","59,32","57,89","187,20","146,54","106,52","89,62","404,96"
Belgium,2015,"248,60","207,77","60,02","58,56","188,58","149,21","105,53","89,11","415,54"
Belgium,2016,"273,09","228,71","60,82","58,97","212,26","169,75","105,40","89,53","428,47"
Belgium,2017,"258,71","216,57","61,36","59,55","197,35","157,02","102,40","87,35","443,41"
Belgium,2018,"259,65","211,07","61,36","59,72","198,28","151,35","99,98","85,12","459,49"
Belgium,2019,"254,86","211,60","62,37","60,86","192,49","150,74","97,46","82,78","479,45"
Belgium,2020,"262,22","220,97","66,96","65,33","195,26","155,64","111,10","92,83","463,75"
Belgium,2021,"252,67","206,98","64,80","63,06","187,87","143,91","108,37","90,81","506,02"
Belgium,2022,"238,16","191,02","61,26","59,55","176,90","131,47","102,56","84,98","563,54"
Belgium,2023,"224,54","183,30","59,14","57,63","165,40","125,68","103,12","85,28","596,32"
Belgium,2024,"219,12","179,83","58,79","57,35","160,33","122,48","104,47","85,43","614,54"
Canada,1996,"176,33","142,04","63,04","61,13","113,30","80,92","100,24","64,69","859,83"
Canada,1997,"180,43","145,12","63,88","61,98","116,55","83,14","95,27","61,65","906,93"
Canada,1998,"190,10","151,30","66,26","64,30","123,84","87,00","93,29","58,89","940,55"
Canada,1999,"186,09","144,60","65,43","63,27","120,67","81,34","88,97","53,07","1007,93"
Canada,2000,"180,45","143,94","63,50","61,34","116,95","82,60","80,44","46,33","1106,07"
Canada,2001,"187,61","150,60","65,33","62,77","122,28","87,83","81,46","46,15","1144,54"
Canada,2002,"191,08","154,76","67,56","64,94","123,52","89,81","79,60","43,06","1193,69"
Canada,2003,"188,14","151,42","69,26","66,82","118,88","84,60","75,91","40,60","1254,75"
Canada,2004,"186,83","153,74","71,55","69,61","115,28","84,13","71,89","36,68","1335,73"
Canada,2005,"182,15","149,68","74,41","72,26","107,74","77,42","70,64","36,24","1421,59"
Canada,2006,"185,73","154,16","78,03","75,90","107,69","78,26","69,92","33,79","1496,60"
Canada,2007,"203,52","161,85","82,90","80,73","120,62","81,12","67,18","29,90","1577,66"
Canada,2008,"216,28","167,44","85,89","83,47","130,39","83,97","70,36","36,25","1657,04"
Canada,2009,"231,91","183,24","97,67","94,91","134,23","88,33","81,80","43,67","1571,33"
Canada,2010,"229,41","179,98","97,66","94,86","131,75","85,12","83,98","44,07","1666,05"
Canada,2011,"229,31","179,40","96,84","93,99","132,47","85,41","84,29","44,95","1774,06"
Canada,2012,"236,13","184,79","97,97","95,26","138,16","89,54","87,15","45,28","1827,20"
Canada,2013,"236,54","190,32","98,13","95,40","138,42","94,92","87,61","42,59","1902,25"
Canada,2014,"242,11","194,14","97,80","95,14","144,32","99,00","85,54","40,57","1994,90"
Canada,2015,"257,91","209,30","103,51","100,71","154,40","108,59","92,03","43,17","1990,44"
Canada,2016,"267,00","213,77","106,94","104,18","160,06","109,58","92,40","42,88","2025,54"
Canada,2017,"269,04","213,59","106,28","103,60","162,75","109,99","90,94","41,28","2140,64"
Canada,2018,"272,76","216,05","105,57","103,04","167,18","113,01","90,78","39,65","2235,68"
Canada,2019,"278,19","221,17","106,06","103,52","172,14","117,64","90,21","39,09","2313,56"
Canada,2020,"303,89","244,50","114,99","112,13","188,91","132,37","118,07","60,60","2220,53"
Canada,2021,"281,90","230,70","108,25","105,55","173,64","125,15","112,62","55,88","2535,82"
Canada,2022,"266,20","215,18","102,69","100,19","163,50","114,99","104,21","48,66","2850,94"
Canada,2023,"267,14","218,06","103,14","100,60","164,00","117,46","107,71","50,97","2933,81"
Canada,2024,"266,30","218,10","102,88","100,07","163,42","118,03","110,77","52,00","3069,08"
Chile,1996,,"80,66",,,,,"14,58","16,81","32393,86"
Chile,1997,,"88,26",,,,,"12,78","14,33","35946,99"
Chile,1998,,"95,59",,,,,"12,12","14,60","37741,62"
Chile,1999,,"105,23",,,,,"13,28","15,97","38461,78"
Chile,2000,,"109,31",,,,,"13,15","15,49","42215,03"
Chile,2001,,"112,31",,,,,"14,35","14,35","45409,05"
Chile,2002,,"113,05",,"22,63",,"90,42","15,05","15,05","48428,96"
Chile,2003,"180,11","100,76","25,41","23,50","154,71","77,26","12,57","12,57","52897,34"
Chile,2004,"172,35","93,63","27,21","25,17","145,14","68,46","10,31","10,31","60391,76"
Chile,2005,"167,00","90,45","28,68","26,33","138,32","64,12","7,04","7,04","68467,94"
Chile,2006,"154,67","87,67","28,86","26,39","125,81","61,28","5,02","5,02","81577,53"
Chile,2007,"154,11","92,21","32,30","29,03","121,81","63,18","3,90","3,90","90159,48"
Chile,2008,"172,81","111,49","36,06","32,63","136,75","78,86","4,92","4,92","93867,12"
Chile,2009,"160,56","110,08","36,91","33,91","123,65","76,18","5,84","5,84","96138,48"
Chile,2010,"156,33","102,71","35,41","32,58","120,92","70,13","8,61","8,61","110777,87"
Chile,2011,"166,88","109,16","36,44","33,81","130,44","75,36","11,13","11,13","121509,30"
Chile,2012,"176,16","115,82","37,53","35,34","138,63","80,48","11,94","11,94","129973,39"
Chile,2013,"183,17","124,52","39,50","37,28","143,67","87,24","12,78","12,78","137309,19"
Chile,2014,"198,08","136,31","41,61","39,36","156,47","96,94","15,02","15,02","147951,29"
Chile,2015,"208,59","145,52","43,68","41,26","164,91","104,26","17,37","17,37","158622,90"
Chile,2016,"205,50","142,79","44,94","42,43","160,56","100,36","21,10","21,10","168764,69"
Chile,2017,"200,75","137,54","46,43","43,79","154,33","93,74","23,65","23,65","179314,91"
Chile,2018,"198,16","143,37","48,64","45,83","149,53","97,54","25,80","25,80","189434,87"
Chile,2019,"218,07","154,17","51,16","48,12","166,91","106,05","28,33","28,33","195531,72"
Chile,2020,"217,29","157,83","50,71","48,27","166,58","109,56","32,38","32,38","201257,75"
Chile,2021,"206,84","146,73","47,38","44,94","159,45","101,79","36,45","36,45","239418,12"
Chile,2022,"205,95","144,29","49,16","46,42","156,80","97,87","37,91","37,91","263065,44"
Chile,2023,"199,48","142,08","48,80","46,34","150,68","95,74","39,42","39,42","281857,49"
Chile,2024,"195,26","139,01","47,16","44,81","148,10","94,21","41,98","41,65","311630,88"
Colombia,1996,,"47,44",,"16,49",,"30,94","23,28","9,26","120383,44"
Colombia,1997,,"54,06",,"15,37",,"38,69","25,25","11,74","145481,50"
Colombia,1998,,"54,25",,"15,10",,"39,14","27,44","13,68","167925,73"
Colombia,1999,,"53,78",,"13,56",,"40,22","33,97","20,31","181171,02"
Colombia,2000,,"47,14",,"9,71",,"37,42","37,97","26,45","207268,00"
Colombia,2001,,"46,29",,"9,29",,"37,01","41,08","31,05","224483,00"
Colombia,2002,,"48,48",,"10,21",,"38,26","47,53","37,11","243837,00"
Colombia,2003,,"44,28",,"9,76",,"34,51","45,02","36,63","270695,00"
Colombia,2004,,"40,75",,"11,24",,"29,50","41,47","34,97","305896,00"
Colombia,2005,,"39,65",,"12,95",,"26,70","38,53","32,71","337957,00"
Colombia,2006,,"41,75",,"14,25",,"27,50","35,97","31,03","381604,00"
Colombia,2007,,"43,45",,"16,48",,"26,96","32,66","27,22","428506,00"
Colombia,2008,,"43,59",,"16,42",,"27,17","32,38","26,13","476554,00"
Colombia,2009,,"45,22",,"17,51",,"27,71","35,39","28,88","501574,00"
Colombia,2010,,"48,87",,"18,70",,"30,17","36,50","29,52","544060,00"
Colombia,2011,,"50,30",,"20,09",,"30,21","35,78","29,09","619023,00"
Colombia,2012,,"50,65",,"21,62",,"29,03","33,97","27,33","666508,00"
Colombia,2013,,"54,61",,"22,94",,"31,67","37,59","29,57","714094,00"
Colombia,2014,,"60,51",,"24,15",,"36,36","43,32","32,88","762903,00"
Colombia,2015,"101,89","67,97","31,34","26,87","70,55","41,10","50,37","37,30","804692,00"
Colombia,2016,"103,79","64,12","33,14","26,25","70,65","37,87","49,90","37,38","863782,00"
Colombia,2017,"99,72","62,29","34,19","26,96","65,53","35,33","49,45","38,29","920471,00"
Colombia,2018,"102,85","61,97","34,34","27,65","68,51","34,32","51,76","41,36","987791,00"
Colombia,2019,"103,29","60,64","36,42","29,08","66,87","31,56","50,97","40,68","1060068,00"
Colombia,2020,"114,80","69,93","40,05","32,38","74,74","37,55","65,27","52,38","998471,00"
Colombia,2021,"110,68","64,21","37,39","30,07","73,30","34,14","64,42","50,95","1192634,00"
Colombia,2022,"106,57","60,74","33,19","28,45","73,38","32,30","61,30","48,49","1471079,00"
Colombia,2023,"98,15","57,54","32,85","26,95","65,31","30,59","55,46","43,89","1584562,00"
Colombia,2024,"95,89","54,89","31,12","25,71","64,76","29,19","61,28",,"1705323,00"
Costa Rica,1996,,"22,08",,,,,,"33,69","2425,73"
Costa Rica,1997,,"28,31",,,,,,"30,56","2934,16"
Costa Rica,1998,,"27,48",,,,,,"40,69","3519,45"
Costa Rica,1999,,"32,20",,,,,,"38,98","4072,33"
Costa Rica,2000,,"36,47",,,,,,"38,85","4627,05"
Costa Rica,2001,,"44,17",,"13,36",,"30,81",,"39,64","5254,08"
Costa Rica,2002,,"47,45",,"14,95",,"32,49",,"41,44","5965,39"
Costa Rica,2003,,"45,22",,"15,86",,"29,37",,"40,57","6885,56"
Costa Rica,2004,,"43,96",,"17,01",,"26,95",,"41,00","8150,14"
Costa Rica,2005,,"45,88",,"18,13",,"27,75",,"37,32","9577,02"
Costa Rica,2006,,"48,37",,"18,74",,"29,63",,"33,04","11613,32"
Costa Rica,2007,,"55,63",,"21,63",,"33,99",,"26,98","13889,05"
Costa Rica,2008,,"60,52",,"25,13",,"35,39",,"24,01","16208,97"
Costa Rica,2009,,"54,74",,"24,22",,"30,53","26,09","25,99","17626,15"
Costa Rica,2010,,"50,59",,"22,77",,"27,83","28,20","28,08","19802,01"
Costa Rica,2011,,"54,96",,"23,90",,"31,06","29,99","29,50","21623,52"
Costa Rica,2012,,"54,78",,"24,80",,"29,98","34,12","33,75","23752,87"
Costa Rica,2013,,"58,26",,"26,02",,"32,24","35,39","35,09","25462,95"
Costa Rica,2014,,"61,11",,"27,17",,"33,93","37,84","37,48","28001,33"
Costa Rica,2015,,"62,12",,"28,22",,"33,90","40,20","39,77","30171,92"
Costa Rica,2016,,"65,01",,"29,65",,"35,37","44,39","43,78","32056,29"
Costa Rica,2017,,"65,53",,"30,45",,"35,08","47,43","46,78","34343,65"
Costa Rica,2018,,"66,45",,"30,95",,"35,50","52,26","51,58","36014,72"
Costa Rica,2019,,"62,36",,"29,65",,"32,71","56,92","56,08","37832,15"
Costa Rica,2020,,"66,90",,"31,33",,"35,57","67,38","66,93","36495,25"
Costa Rica,2021,,"62,42",,"28,87",,"33,56","68,14","67,74","40326,63"
Costa Rica,2022,,"58,70",,"27,14",,"31,56","63,50","63,07","44810,03"
Costa Rica,2023,,"55,55",,"26,56",,"28,99","61,60","61,17","47059,27"
Costa Rica,2024,,"55,66",,"26,83",,"28,83","60,17","59,78","49115,93"
Czech Republic,1996,"137,55","69,35","11,26","7,68","126,29","61,67","11,51","10,24","1840,56"
Czech Republic,1997,"145,58","76,73","11,19","7,68","134,39","69,04","12,12","10,80","1982,42"
Czech Republic,1998,"141,17","66,22","10,21","6,86","130,96","59,36","13,88","12,55","2168,88"
Czech Republic,1999,"140,07","65,10","10,86","7,33","129,21","57,77","15,09","13,92","2267,28"
Czech Republic,2000,"140,47","61,79","11,54","7,68","128,93","54,11","16,89","15,74","2399,70"
Czech Republic,2001,"126,88","55,79","11,68","8,07","115,20","47,72","22,60","21,40","2591,57"
Czech Republic,2002,"130,19","57,53","14,21","10,69","115,98","46,84","25,70","24,21","2704,47"
Czech Republic,2003,"127,17","52,07","15,31","11,40","111,86","40,67","28,06","26,38","2833,20"
Czech Republic,2004,"122,10","59,91","17,28","13,80","104,82","46,11","28,29","26,27","3087,78"
Czech Republic,2005,"124,75","60,05","19,84","16,44","104,90","43,61","27,68","25,53","3288,49"
Czech Republic,2006,"126,90","64,55","22,01","18,98","104,89","45,56","27,56","25,29","3530,25"
Czech Republic,2007,"131,14","69,86","26,18","23,10","104,95","46,76","27,35","25,19","3856,63"
Czech Republic,2008,"128,47","76,96","29,97","25,70","98,50","51,26","28,15","25,99","4037,56"
Czech Republic,2009,"141,86","81,13","32,75","28,43","109,10","52,70","33,43","31,01","3945,51"
Czech Republic,2010,"142,81","82,87","33,32","28,49","109,49","54,38","36,70","34,30","4032,95"
Czech Republic,2011,"149,23","85,41","34,57","29,60","114,67","55,81","39,40","36,95","4095,36"
Czech Republic,2012,"150,51","88,61","35,36","30,46","115,15","58,15","43,84","41,23","4118,39"
Czech Republic,2013,"154,33","91,26","36,72","31,19","117,61","60,07","44,14","41,59","4169,01"
Czech Republic,2014,"150,39","89,44","35,49","30,03","114,90","59,42","41,55","39,14","4377,99"
Czech Republic,2015,"145,75","85,46","35,13","30,00","110,63","55,47","39,47","37,41","4651,81"
Czech Republic,2016,"149,88","87,15","35,95","30,84","113,93","56,31","36,23","35,39","4843,03"
Czech Republic,2017,"147,61","87,56","38,00","31,07","109,62","56,49","33,78","33,49","5179,34"
Czech Republic,2018,"145,43","90,67","37,95","31,41","107,48","59,26","31,68","32,00","5475,77"
Czech Republic,2019,"135,04","84,67","37,18","31,04","97,86","53,64","29,55","30,44","5888,87"
Czech Republic,2020,"138,72","87,84","39,61","33,24","99,11","54,60","36,88","38,13","5828,32"
Czech Republic,2021,"140,49","89,50","38,96","33,89","101,53","55,61","40,69","42,18","6307,76"
Czech Republic,2022,"141,02","87,46","36,21","31,88","104,81","55,58","42,52","44,04","7049,87"
Czech Republic,2023,"136,34","85,62","34,35","30,82","102,00","54,80","42,45","44,00","7618,53"
Czech Republic,2024,"139,25","87,94","33,59","30,84","105,67","57,10","42,99","43,81","8008,21"
Denmark,1996,"168,37","146,62","77,78","69,79","90,59","76,83","68,32","72,54","1087,15"
Denmark,1997,"175,48","151,27","79,44","72,55","96,04","78,73","64,39","67,94","1144,17"
Denmark,1998,"172,68","150,67","80,82","76,25","91,86","74,42","60,32","62,83","1185,22"
Denmark,1999,"185,56","150,68","80,09","75,84","105,47","74,84","56,79","59,52","1240,98"
Denmark,2000,"194,93","157,44","80,03","75,78","114,90","81,66","53,55","53,64","1325,98"
Denmark,2001,"201,11","173,18","84,60","80,52","116,51","92,66","50,10","50,63","1372,28"
Denmark,2002,"202,15","170,28","89,56","84,81","112,58","85,47","50,32","50,20","1411,48"
Denmark,2003,"207,54","177,50","95,69","90,26","111,86","87,24","48,16","48,29","1438,89"
Denmark,2004,"215,15","186,28","98,93","94,39","116,21","91,89","46,22","45,61","1509,67"
Denmark,2005,"231,54","205,10","105,50","101,66","126,04","103,45","39,36","38,18","1590,08"
Denmark,2006,"250,89","226,39","112,01","108,20","138,89","118,19","33,19","31,70","1685,24"
Denmark,2007,"266,56","240,22","119,01","115,48","147,55","124,73","29,48","27,00","1743,14"
Denmark,2008,"281,92","250,90","124,08","119,73","157,84","131,17","35,54","31,09","1809,72"
Denmark,2009,"298,81","270,91","135,60","129,91","163,21","141,00","43,05","36,28","1729,53"
Denmark,2010,"289,46","260,26","134,27","128,08","155,19","132,17","46,12","38,12","1812,90"
Denmark,2011,"293,17","266,24","131,31","125,92","161,86","140,32","49,99","40,99","1848,53"
Denmark,2012,"286,93","265,54","128,50","124,07","158,43","141,47","48,71","40,02","1892,94"
Denmark,2013,"276,79","255,33","128,59","124,69","148,20","130,65","47,77","38,42","1935,56"
Denmark,2014,"281,53","258,54","126,88","122,71","154,65","135,83","48,71","38,43","1980,26"
Denmark,2015,"289,37","258,88","122,49","118,76","166,88","140,12","44,55","33,61","2030,21"
Denmark,2016,"294,43","258,81","121,79","116,89","172,64","141,92","41,69","30,85","2101,52"
Denmark,2017,"288,78","252,09","118,55","113,83","170,23","138,27","40,15","29,38","2189,59"
Denmark,2018,"288,31","252,13","116,48","112,32","171,83","139,82","38,54","27,60","2243,54"
Denmark,2019,"300,02","262,44","116,59","110,84","183,43","151,60","38,33","26,59","2303,64"
Denmark,2020,"288,22","250,79","118,85","111,76","169,38","139,03","46,28","34,66","2326,59"
Denmark,2021,"268,28","227,92","107,42","101,55","160,87","126,37","40,49","28,32","2567,52"
Denmark,2022,"258,09","217,67","88,75","84,49","169,34","133,17","34,08","22,67","2844,23"
Denmark,2023,"262,29","218,73","93,31","88,31","168,98","130,43","33,59","22,17","2804,74"
Denmark,2024,"254,04","211,31","90,03","85,16","164,01","126,14","27,99","20,24","2960,89"
Estonia,1996,"77,59","39,99","5,15","3,35","72,44","36,64","7,30",,"3,68"
Estonia,1997,"92,43","52,55","7,98","6,25","84,46","46,30","6,03",,"4,57"
Estonia,1998,"107,26","66,03","7,39","5,82","99,87","60,21","5,40",,"5,10"
Estonia,1999,"115,64","68,74","8,57","6,97","107,08","61,77","5,93",,"5,41"
Estonia,2000,"117,43","72,85","10,96","8,66","106,48","64,19","5,11","3,33","6,17"
Estonia,2001,"125,09","80,89","12,97","10,81","112,12","70,07","4,93","2,92","6,98"
Estonia,2002,"136,20","89,35","16,51","14,07","119,69","75,28","5,66","3,47","7,82"
Estonia,2003,"131,64","96,43","20,85","18,35","110,80","78,08","5,60","3,13","8,75"
Estonia,2004,"142,13","105,67","25,57","24,18","116,55","81,49","5,16","2,82","9,78"
Estonia,2005,"155,97","110,57","33,46","32,00","122,52","78,58","4,73","2,30","11,35"
Estonia,2006,"172,28","130,58","43,55","41,94","128,72","88,64","4,72","2,09","13,57"
Estonia,2007,"174,48","136,64","47,99","46,11","126,49","90,52","3,91","1,44","16,40"
Estonia,2008,"193,45","148,22","52,22","50,64","141,23","97,58","4,67","1,81","16,62"
Estonia,2009,"205,40","159,81","59,33","57,52","146,07","102,29","7,98","4,25","14,13"
Estonia,2010,"201,72","148,58","56,42","52,95","145,29","95,63","7,99","4,50","14,74"
Estonia,2011,"185,19","132,99","48,53","45,47","136,66","87,53","7,60","4,52","16,74"
Estonia,2012,"176,89","128,20","44,36","41,58","132,53","86,62","11,15","11,91","18,09"
Estonia,2013,"172,78","125,28","42,44","39,73","130,34","85,55","11,43","11,96","19,16"
Estonia,2014,"179,69","126,00","41,01","38,26","138,68","87,74","11,56","11,87","20,37"
Estonia,2015,"181,30","123,11","41,74","39,01","139,56","84,09","10,79","11,22","21,01"
Estonia,2016,"185,34","120,61","41,91","39,15","143,43","81,46","10,24","10,71","22,19"
Estonia,2017,"181,81","115,16","41,21","38,52","140,60","76,64","9,43","9,86","24,32"
Estonia,2018,"166,77","112,40","40,48","37,70","126,29","74,71","8,51","9,21","26,44"
Estonia,2019,"170,84","112,64","40,29","37,54","130,54","75,10","9,05","9,70","28,47"
Estonia,2020,"177,32","120,17","42,82","39,87","134,50","80,30","19,10","18,32","27,86"
Estonia,2021,"166,52","112,82","40,96","37,96","125,56","74,87","18,42","17,92","31,46"
Estonia,2022,"159,10","111,00","39,33","36,40","119,77","74,60","19,11","18,97","36,44"
Estonia,2023,"166,05","117,61","39,57","36,84","126,49","80,77","20,18","20,00","38,19"
Estonia,2024,"173,02","122,75","41,29","38,40","131,73","84,35","23,62","23,06","39,51"
Finland,1996,"136,10","115,37","35,23","32,07","100,87","83,30","55,36","51,96","101,98"
Finland,1997,"137,33","116,65","31,81","29,95","105,52","86,70","52,24","49,32","110,76"
Finland,1998,"131,41","108,70","31,49","29,56","99,92","79,14","46,84","44,11","120,43"
Finland,1999,"135,91","112,36","32,46","31,23","103,45","81,14","44,02","41,59","126,89"
Finland,2000,"146,95","121,79","33,01","31,62","113,94","90,18","42,45","45,14","136,39"
Finland,2001,"141,94","117,40","33,52","32,05","108,42","85,35","40,90","43,44","144,61"
Finland,2002,"143,89","119,53","36,43","34,58","107,46","84,95","40,13","42,64","148,44"
Finland,2003,"150,56","125,40","39,50","38,08","111,05","87,32","42,70","45,16","151,71"
Finland,2004,"154,75","128,94","43,73","41,45","111,02","87,49","42,58","44,94","158,74"
Finland,2005,"160,19","133,96","48,29","46,34","111,90","87,62","39,87","42,14","164,67"
Finland,2006,"169,34","140,01","52,76","49,71","116,58","90,30","38,01","40,22","172,86"
Finland,2007,"173,96","144,82","53,92","50,92","120,04","93,89","33,91","36,00","187,06"
Finland,2008,"186,77","156,14","56,15","52,64","130,62","103,50","32,56","34,72","194,25"
Finland,2009,"194,64","165,23","61,93","59,05","132,71","106,18","41,53","44,13","181,74"
Finland,2010,"199,03","167,17","63,51","58,90","135,52","108,27","50,11","50,11","188,15"
Finland,2011,"201,18","168,52","64,65","59,15","136,53","109,37","52,02","52,02","197,66"
Finland,2012,"202,26","172,10","66,24","61,22","136,03","110,89","57,86","57,86","200,38"
Finland,2013,"208,46","176,94","67,19","61,77","141,27","115,17","60,81","60,81","203,50"
Finland,2014,"213,94","183,44","67,01","62,78","146,93","120,66","64,81","64,81","205,86"
Finland,2015,"222,14","190,58","68,47","63,67","153,67","126,91","68,76","68,76","210,19"
Finland,2016,"213,30","180,97","71,29","64,66","142,01","116,31","68,65","68,65","215,72"
Finland,2017,"222,46","188,13","73,05","64,87","149,41","123,27","66,58","66,58","224,71"
Finland,2018,"227,56","187,11","76,54","65,66","151,02","121,44","65,28","65,36","231,91"
Finland,2019,"226,78","184,68","78,26","66,18","148,52","118,50","65,24","65,33","238,52"
Finland,2020,"236,73","192,61","83,90","69,53","152,82","123,08","75,41","75,32","236,39"
Finland,2021,"234,08","190,66","83,09","68,49","150,99","122,17","73,25","73,20","248,76"
Finland,2022,"232,49","188,31","79,13","66,10","153,36","122,21","74,03","74,03","266,14"
Finland,2023,"225,78","182,94","77,39","64,21","148,39","118,73","77,30","77,16","272,78"
Finland,2024,"223,21","180,71","76,59","63,31","146,62","117,40","82,53","82,05","276,17"
France,1996,"164,56","131,50","43,40","34,31","121,16","97,19","60,59","48,22","1246,97"
France,1997,"166,11","131,46","45,07","34,47","121,04","96,98","61,98","49,43","1289,67"
France,1998,"172,18","129,51","45,06","33,79","127,12","95,72","62,10","50,71","1346,32"
France,1999,"181,52","135,18","46,82","34,73","134,70","100,45","61,42","50,64","1395,15"
France,2000,"188,15","139,80","45,95","34,89","142,20","104,91","59,72","49,45","1473,52"
France,2001,"193,99","145,14","47,07","35,34","146,91","109,80","59,32","49,46","1530,07"
France,2002,"193,75","145,52","49,41","36,19","144,34","109,33","61,26","51,62","1578,33"
France,2003,"193,78","144,86","51,35","37,61","142,43","107,26","65,36","54,72","1622,31"
France,2004,"194,60","147,30","51,28","39,27","143,32","108,03","66,88","54,61","1696,11"
France,2005,"202,77","151,16","54,92","42,12","147,85","109,04","68,19","55,13","1762,05"
France,2006,"210,51","155,59","58,06","44,66","152,44","110,93","65,40","52,25","1846,02"
France,2007,"217,59","159,56","61,12","47,16","156,46","112,41","65,48","52,15","1937,88"
France,2008,"222,19","166,46","62,28","49,33","159,90","117,13","69,82","56,32","1990,00"
France,2009,"233,53","173,83","68,78","53,19","164,75","120,64","84,06","68,11","1935,84"
France,2010,"235,92","173,80","71,13","54,22","164,78","119,58","86,28","69,33","1996,08"
France,2011,"241,72","180,48","71,17","55,35","170,55","125,14","88,75","70,63","2062,14"
France,2012,"240,11","185,11","68,85","55,83","171,26","129,28","91,74","73,21","2088,29"
France,2013,"237,60","183,03","69,06","56,05","168,54","126,98","94,56","75,96","2120,35"
France,2014,"244,27","189,57","69,55","56,50","174,72","133,07","96,16","77,38","2153,73"
France,2015,"251,16","194,81","70,39","56,91","180,77","137,89","96,97","78,07","2201,40"
France,2016,"257,71","198,89","71,51","58,12","186,20","140,76","98,15","79,16","2231,82"
France,2017,"261,93","201,74","73,26","59,44","188,67","142,30","98,76","80,17","2291,68"
France,2018,"265,63","206,38","74,44","60,87","191,20","145,51","98,53","81,16","2355,36"
France,2019,"267,99","212,30","74,69","62,35","193,30","149,95","98,16","81,60","2432,21"
France,2020,"299,12","239,64","81,95","68,20","217,17","171,44","114,90","93,30","2318,28"
France,2021,"286,64","227,47","79,29","66,41","207,35","161,06","112,79","92,12","2508,10"
France,2022,"288,21","225,57","78,14","65,86","210,06","159,71","111,36","91,96","2654,06"
France,2023,"279,06","217,35","74,22","62,53","204,83","154,82","109,77","91,62","2826,31"
France,2024,"276,51","215,45","71,75","60,51","204,76","154,94","113,11","94,34","2922,24"
Germany,1996,"152,86","124,39","64,03","63,04","88,82","61,34","58,11","37,21","1928,56"
Germany,1997,"155,82","127,67","65,95","65,01","89,88","62,66","59,21","37,70","1967,18"
Germany,1998,"160,03","131,79","67,85","66,94","92,17","64,85","59,81","38,18","2022,31"
Germany,1999,"170,43","136,15","70,69","69,97","99,74","66,18","60,35","39,14","2077,24"
Germany,2000,"180,75","147,75","71,11","70,48","109,64","77,27","59,24","38,27","2129,66"
Germany,2001,"180,66","149,26","69,95","69,34","110,71","79,92","58,06","36,45","2195,53"
Germany,2002,"183,23","151,82","69,82","69,19","113,41","82,62","59,82","37,08","2223,36"
Germany,2003,"182,70","152,75","70,01","69,36","112,69","83,40","63,34","38,93","2240,81"
Germany,2004,"175,73","144,33","68,66","67,93","107,07","76,40","64,96","39,77","2293,04"
Germany,2005,"174,50","145,45","67,45","66,85","107,06","78,60","67,12","41,17","2325,71"
Germany,2006,"173,26","146,02","64,60","64,16","108,65","81,86","66,40","41,00","2426,18"
Germany,2007,"170,35","142,11","60,85","60,44","109,50","81,67","63,69","39,35","2542,22"
Germany,2008,"172,17","143,13","59,17","58,75","113,00","84,38","65,16","39,85","2589,68"
Germany,2009,"176,87","146,42","61,31","60,84","115,56","85,57","72,34","44,03","2494,87"
Germany,2010,"170,51","141,40","58,66","58,22","111,85","83,18","81,01","51,59","2616,06"
Germany,2011,"164,60","137,74","56,49","55,99","108,11","81,75","78,46","49,47","2747,81"
Germany,2012,"164,80","136,97","56,03","55,46","108,78","81,50","79,80","50,09","2800,38"
Germany,2013,"164,66","138,78","55,12","54,57","109,54","84,21","77,44","49,01","2867,28"
Germany,2014,"158,34","132,56","53,73","53,16","104,61","79,40","74,52","47,30","2985,17"
Germany,2015,"157,52","132,60","53,10","52,60","104,41","80,01","71,22","44,92","3085,65"
Germany,2016,"156,96","134,40","52,79","52,29","104,17","82,11","68,28","43,18","3196,11"
Germany,2017,"156,66","134,14","52,42","51,90","104,24","82,24","64,03","40,94","3331,11"
Germany,2018,"160,42","135,08","52,17","51,64","108,25","83,45","60,81","38,97","3431,13"
Germany,2019,"165,32","137,91","53,10","52,55","112,22","85,37","58,70","37,22","3534,88"
Germany,2020,"175,50","148,42","56,84","55,98","118,66","92,45","68,04","44,36","3449,62"
Germany,2021,"178,37","147,27","56,10","55,26","122,27","92,01","68,08","45,79","3676,46"
Germany,2022,"174,23","147,08","54,48","53,60","119,76","93,48","65,00","45,03","3953,85"
Germany,2023,"168,16","140,74","51,92","51,03","116,25","89,70","62,88","44,36","4185,55"
Germany,2024,"163,83","139,41","50,49","49,93","113,34","89,48","63,89","43,97","4305,26"
Greece,1996,"51,91","37,34","15,26","7,41","36,65","29,94","103,72","105,66","100,66"
Greece,1997,"54,19","39,63","16,22","9,22","37,97","30,41","102,60","103,04","111,19"
Greece,1998,"56,94","43,15","15,95","10,39","40,99","32,76","100,79","100,71","121,09"
Greece,1999,"60,85","46,90","17,33","12,17","43,52","34,74","102,84","100,39","128,67"
Greece,2000,"69,83","56,08","21,50","15,20","48,34","40,88","108,85","102,22","136,16"
Greece,2001,"78,25","63,13","25,74","19,35","52,51","43,78","110,53","98,85","147,44"
Greece,2002,"82,62","66,83","29,81","23,74","52,81","43,09","107,87","104,54","158,90"
Greece,2003,"85,41","71,00","32,66","27,58","52,75","43,42","104,26","102,13","174,10"
Greece,2004,"89,71","76,14","37,36","33,08","52,36","43,06","105,49","107,04","188,91"
Greece,2005,"101,53","88,38","44,97","41,13","56,56","47,26","109,86","110,60","194,77"
Greece,2006,"106,98","94,89","49,00","46,47","57,98","48,43","105,33","105,56","214,30"
Greece,2007,"116,68","103,69","54,35","52,51","62,33","51,18","104,64","104,40","229,28"
Greece,2008,"128,39","115,36","57,71","56,70","70,68","58,66","110,91","109,77","238,74"
Greece,2009,"132,26","118,81","60,38","59,01","71,88","59,79","128,48","127,40","234,32"
Greece,2010,"143,05","129,98","69,42","62,15","73,63","67,82","147,85","152,19","223,59"
Greece,2011,"147,25","133,08","73,25","65,25","74,01","67,82","175,08","180,85","203,48"
Greece,2012,"153,08","137,08","78,02","66,97","75,06","70,11","164,28","164,36","185,90"
Greece,2013,"150,22","134,79","76,05","66,77","74,17","68,02","180,51","180,49","178,11"
Greece,2014,"147,37","133,65","73,47","64,99","73,90","68,66","182,82","184,09","176,07"
Greece,2015,"143,33","130,22","70,19","63,21","73,14","67,01","180,00","183,24","175,36"
Greece,2016,"149,06","127,62","69,54","61,31","79,52","66,31","183,67","187,08","174,45"
Greece,2017,"142,05","120,77","66,29","58,21","75,75","62,56","182,62","185,31","177,38"
Greece,2018,"139,73","119,06","66,13","58,48","73,61","60,58","189,55","198,74","180,62"
Greece,2019,"128,46","109,95","61,91","55,44","66,54","54,52","183,69","192,25","185,18"
Greece,2020,"145,79","124,04","67,15","58,72","78,64","65,32","209,93","223,23","167,54"
Greece,2021,"142,24","120,54","63,39","54,66","78,86","65,89","197,81","210,40","184,57"
Greece,2022,"121,29","99,81","52,13","44,91","69,15","54,90","178,44","192,58","207,85"
Greece,2023,"113,12","93,47","47,20","40,78","65,92","52,69","165,15","180,52","225,20"
Greece,2024,"112,82","94,55","44,24","38,83","68,58","55,72","150,89","169,99","237,57"
Hungary,1996,"88,07","48,24","10,07","5,22","78,00","43,02","71,17","71,28","7149,02"
Hungary,1997,"88,20","49,99","9,54","4,84","78,66","45,15","62,20","62,82","8853,54"
Hungary,1998,"88,67","49,45","9,06","4,35","79,60","45,10","60,42","60,57","10459,46"
Hungary,1999,"96,20","53,16","9,92","5,00","86,28","48,15","60,30","60,54","11658,14"
Hungary,2000,"106,25","59,95","11,46","6,46","94,79","53,49","55,64","55,69","13340,29"
Hungary,2001,"106,45","61,92","13,22","8,26","93,23","53,66","52,20","52,13","15413,05"
Hungary,2002,"103,09","61,46","16,80","11,82","86,29","49,64","55,56","54,91","17440,96"
Hungary,2003,"114,20","71,85","21,92","17,07","92,28","54,79","58,17","57,34","19108,79"
Hungary,2004,"121,18","77,37","24,87","20,03","96,31","57,34","58,91","57,94","21088,68"
Hungary,2005,"134,72","87,99","28,32","23,53","106,40","64,47","60,58","59,25","22572,43"
Hungary,2006,"141,95","93,50","31,15","26,21","110,80","67,29","64,49","62,60","24321,95"
Hungary,2007,"158,49","108,54","35,01","30,06","123,48","78,49","65,58","63,16","25730,26"
Hungary,2008,"166,27","117,60","41,37","36,61","124,89","80,99","71,80","68,81","27233,19"
Hungary,2009,"180,86","129,28","42,87","37,88","137,99","91,40","78,19","74,54","26467,80"
Hungary,2010,"178,39","126,15","44,27","39,69","134,11","86,46","80,17","75,72","27427,57"
Hungary,2011,"178,70","126,38","42,39","37,74","136,30","88,64","80,47","76,39","28492,07"
Hungary,2012,"164,80","116,09","36,76","31,98","128,04","84,11","78,36","74,79","28919,19"
Hungary,2013,"155,77","108,42","33,18","28,48","122,59","79,94","77,22","75,79","30343,34"
Hungary,2014,"151,91","105,11","30,46","25,89","121,45","79,23","76,49","76,44","32826,77"
Hungary,2015,"138,71","95,11","25,78","21,38","112,93","73,74","75,72","75,65","34984,76"
Hungary,2016,"135,75","90,04","24,71","20,25","111,04","69,79","74,65","75,17","36311,88"
Hungary,2017,"130,22","83,78","23,03","18,75","107,19","65,03","72,00","73,12","39335,93"
Hungary,2018,"130,51","82,12","21,72","17,74","108,79","64,38","68,82","70,70","43553,98"
Hungary,2019,"129,01","82,23","22,25","18,39","106,76","63,84","64,99","66,40","47940,50"
Hungary,2020,"138,33","91,07","24,60","20,66","113,73","70,41","78,69","79,76","48807,77"
Hungary,2021,"154,31","101,61","24,78","20,86","129,53","80,75","76,21","76,93","55560,47"
Hungary,2022,"157,32","101,12","22,25","18,55","135,08","82,57","73,86","74,49","66149,43"
Hungary,2023,"142,27","90,38","20,40","16,77","121,87","73,61","72,97","73,38","75568,87"
Hungary,2024,"141,71","89,72","20,62","17,00","121,09","72,71","73,45","74,49","81514,21"
Iceland,1996,,"146,19",,"71,07",,"75,12","55,57","49,03","493,83"
Iceland,1997,,"152,77",,"71,96",,"80,80","52,05","45,28","536,72"
Iceland,1998,,"160,18",,"73,34",,"86,83","43,95","43,20","603,41"
Iceland,1999,,"181,05",,"80,35",,"100,70","76,59","75,84","649,72"
Iceland,2000,,"199,43",,"86,51",,"112,92","75,80","75,55","709,56"
Iceland,2001,,"208,86",,"88,34",,"120,52","83,38","82,72","802,28"
Iceland,2002,,"202,56",,"88,81",,"113,75","82,16","80,48","854,14"
Iceland,2003,"279,13","238,57","88,88","85,59","190,25","152,99","85,07","84,51","876,73"
Iceland,2004,"306,81","256,61","89,21","86,62","217,60","170,00","80,86","79,00","970,42"
Iceland,2005,"382,42","320,65","99,88","96,12","282,54","224,53","68,93","66,53","1061,43"
Iceland,2006,"493,79","424,11","107,00","103,57","386,78","320,54","70,65","69,68","1225,72"
Iceland,2007,"644,63","554,49","109,32","105,52","535,31","448,96","68,40","67,48","1386,95"
Iceland,2008,"719,09","617,03","106,03","99,74","613,06","517,28","110,36","107,96","1589,63"
Iceland,2009,"751,03","677,71","114,61","108,69","636,41","569,02","128,77","124,76","1626,39"
Iceland,2010,"569,90","507,54","107,60","101,77","462,30","405,77","133,14","130,00","1680,97"
Iceland,2011,"510,46","455,81","103,52","99,53","406,94","356,28","138,18","135,67","1765,01"
Iceland,2012,"430,85","384,49","100,96","97,17","329,89","287,32","133,92","131,60","1845,16"
Iceland,2013,"377,61","331,91","97,10","93,41","280,51","238,50","121,96","120,19","1970,15"
Iceland,2014,"378,20","326,74","89,46","85,86","288,74","240,88","115,30","114,85","2086,36"
Iceland,2015,"325,70","282,77","82,18","80,32","243,52","202,45","97,32","95,31","2310,85"
Iceland,2016,"288,82","251,70","77,18","75,05","211,64","176,65","82,47","81,55","2512,06"
Iceland,2017,"254,35","216,71","76,53","74,82","177,81","141,88","71,74","69,34","2641,96"
Iceland,2018,"236,96","196,77","76,87","75,13","160,09","121,64","63,25","61,35","2844,06"
Iceland,2019,"251,77","213,42","76,00","74,81","175,77","138,61","66,53","63,76","3026,10"
Iceland,2020,"266,49","224,17","86,21","84,77","180,28","139,40","77,51","74,77","2929,17"
Iceland,2021,"274,92","228,65","84,67","83,40","190,26","145,24","74,92","71,80","3272,55"
Iceland,2022,"261,04","213,80","78,51","77,31","182,52","136,49","67,53","64,08","3882,05"
Iceland,2023,"238,23","195,90","73,80","72,66","164,43","123,25","61,99","58,74","4338,61"
Iceland,2024,,,,,,,"59,08","59,94","4616,46"
Ireland,1996,,"87,71",,,,,"69,83","69,48","60,23"
Ireland,1997,,"97,02",,,,,"61,58","61,26","69,40"
Ireland,1998,,"106,36",,,,,"51,41","51,11","80,43"
Ireland,1999,,"128,15",,,,,"46,57","48,25","92,79"
Ireland,2000,,"128,32",,,,,"36,41","38,92","108,50"
Ireland,2001,"196,70","134,53","49,46",,"147,24",,"33,58","35,10","122,09"
Ireland,2002,"180,66","132,58","53,33","51,36","127,33","81,22","30,89","32,56","136,00"
Ireland,2003,"191,40","141,42","60,39","58,25","131,01","83,17","29,83","31,37","145,58"
Ireland,2004,"213,45","159,10","71,96","69,72","141,49","89,38","28,10","29,61","156,26"
Ireland,2005,"241,62","176,67","84,05","81,05","157,57","95,62","26,06","28,82","170,31"
Ireland,2006,"270,05","213,83","94,22","91,57","175,83","122,25","23,65","26,09","184,92"
Ireland,2007,"277,00","227,11","100,22","97,57","176,78","129,55","23,95","26,44","197,07"
Ireland,2008,"334,57","283,09","112,86","107,92","221,72","175,16","42,51","45,10","187,28"
Ireland,2009,"360,38","303,13","123,17","117,56","237,21","185,56","61,76","64,68","169,52"
Ireland,2010,"370,93","309,95","117,84","112,27","253,10","197,68","86,13","89,66","167,45"
Ireland,2011,"378,16","312,00","110,25","104,99","267,91","207,02","109,43","113,02","173,38"
Ireland,2012,"383,30","310,64","102,76","97,40","280,54","213,24","118,73","122,37","176,89"
Ireland,2013,"364,29","282,53","96,18","93,90","268,11","188,63","117,49","121,07","183,19"
Ireland,2014,"380,54","277,89","83,09","78,89","297,45","199,00","101,28","105,17","200,82"
Ireland,2015,"407,83","305,77","57,71","58,09","350,12","247,68","73,96","77,02","272,54"
Ireland,2016,"413,92","301,71","55,51","54,52","358,41","247,19","72,64","75,68","276,21"
Ireland,2017,"367,45","277,23","48,67","54,51","318,78","222,72","65,23","68,32","308,52"
Ireland,2018,"381,09","271,06","43,76","48,16","337,32","222,90","61,47","69,29","334,87"
Ireland,2019,"373,83","233,21","39,86","41,38","333,97","191,83","55,92","63,44","363,68"
Ireland,2020,"321,47","214,63","37,56","34,30","283,91","180,33","57,01","63,87","382,21"
Ireland,2021,"291,74","180,42","31,57","29,86","260,17","150,56","52,56","58,88","449,22"
Ireland,2022,"260,13","162,27","27,46","27,48","232,67","134,78","43,15","48,99","520,94"
Ireland,2023,"266,08","159,70","29,84","28,93","236,24","130,77","43,28","49,69","509,95"
Ireland,2024,"271,98","149,67","29,29","29,63","242,69","120,04","41,11","44,79","533,44"
Israel,1996,,"90,31",,"34,40",,"55,91","91,56","88,67","367,62"
Israel,1997,,"94,68",,"36,00",,"58,68","90,17","87,39","412,25"
Israel,1998,,"102,16",,"36,78",,"65,38","91,95","89,28","458,24"
Israel,1999,,"106,51",,"37,02",,"69,49","86,52","84,04","502,67"
Israel,2000,,"106,65",,"35,51",,"71,14","77,15","74,93","556,62"
Israel,2001,,"115,20",,"36,42",,"78,78","81,05","78,83","567,72"
Israel,2002,,"119,81",,"37,39",,"82,42","87,13","84,91","593,83"
Israel,2003,,"116,23",,"36,94",,"79,29","89,54","87,31","599,07"
Israel,2004,,"115,91",,"36,27",,"79,63","88,18","86,15","628,20"
Israel,2005,,"121,02",,"36,57",,"84,45","85,17","83,31","661,68"
Israel,2006,,"121,24",,"34,73",,"86,51","77,47","75,67","708,81"
Israel,2007,,"125,98",,"35,52",,"90,45","70,69","68,97","758,79"
Israel,2008,,"120,09",,"36,81",,"83,28","70,15","68,68","793,78"
Israel,2009,,"121,05",,"37,63",,"83,42","72,47","71,02","839,17"
Israel,2010,"158,78","120,69","49,71","38,51","109,07","82,18","68,94","67,57","896,15"
Israel,2011,"156,09","118,05","51,09","38,54","105,00","79,51","67,10","65,82","959,28"
Israel,2012,"154,32","115,64","49,18","38,56","105,14","77,08","66,79","65,52","1016,39"
Israel,2013,"149,89","111,72","48,72","38,98","101,17","72,74","65,80","64,58","1077,74"
Israel,2014,"148,04","109,78","49,49","39,47","98,55","70,31","64,71","63,54","1127,11"
Israel,2015,"149,48","108,86","49,86","40,18","99,61","68,67","63,12","61,63","1179,53"
Israel,2016,"151,05","109,90","49,79","40,68","101,26","69,22","61,47","59,84","1236,44"
Israel,2017,"146,03","109,37","49,58","41,00","96,45","68,37","59,65","57,91","1290,27"
Israel,2018,"148,62","109,64","50,54","41,21","98,08","68,42","59,92","58,36","1351,13"
Israel,2019,"145,73","109,03","50,73","41,15","95,00","67,88","59,09","57,64","1428,12"
Israel,2020,"157,25","113,04","53,39","43,20","103,87","69,84","71,09","69,58","1414,04"
Israel,2021,"159,72","114,89","53,65","43,74","106,07","71,15","67,79","65,98","1582,32"
Israel,2022,"154,91","113,28","53,68","43,94","101,23","69,34","60,47","58,78","1764,41"
Israel,2023,"149,85","110,95","51,50","42,21","98,36","68,74","61,47","60,02","1878,37"
Israel,2024,,"111,81",,"42,31",,"69,50","67,85","66,46","1999,26"
Italy,1996,"118,26","66,75","27,50","17,48","90,76","49,28","118,90","117,41","1047,75"
Italy,1997,"118,60","66,54","28,58","17,81","90,02","48,73","116,49","114,76","1095,09"
Italy,1998,"118,77","67,25","29,14","18,65","89,63","48,60","113,89","112,04","1141,26"
Italy,1999,"127,99","74,60","32,22","21,03","95,77","53,57","113,06","110,43","1177,55"
Italy,2000,"129,55","78,43","34,21","22,62","95,33","55,80","108,74","105,67","1244,74"
Italy,2001,"132,47","81,78","35,51","23,87","96,96","57,92","108,51","105,24","1308,62"
Italy,2002,"137,46","84,25","37,45","25,56","100,02","58,69","105,95","102,75","1355,52"
Italy,2003,"141,78","87,98","39,59","27,31","102,19","60,66","105,14","100,88","1399,39"
Italy,2004,"145,34","91,78","41,86","29,72","103,48","62,06","104,74","100,30","1457,36"
Italy,2005,"150,90","97,47","45,01","32,80","105,89","64,68","106,18","101,16","1499,07"
Italy,2006,"160,53","103,58","47,97","35,53","112,56","68,04","106,26","100,31","1559,86"
Italy,2007,"166,04","111,36","50,43","37,94","115,61","73,42","103,46","97,41","1621,71"
Italy,2008,"169,19","114,94","51,46","38,84","117,73","76,10","105,80","100,07","1643,72"
Italy,2009,"177,05","123,34","55,08","42,19","121,97","81,15","116,14","109,35","1584,11"
Italy,2010,"180,56","124,02","56,14","43,28","124,41","80,74","118,76","112,05","1617,94"
Italy,2011,"182,20","123,01","55,86","43,30","126,34","79,71","119,13","112,65","1657,36"
Italy,2012,"180,71","125,12","56,16","43,46","124,55","81,66","125,90","119,46","1632,90"
Italy,2013,"179,07","123,01","55,90","43,03","123,17","79,98","131,85","125,76","1621,26"
Italy,2014,"175,75","121,19","55,13","42,33","120,62","78,85","134,80","129,26","1635,87"
Italy,2015,"170,49","117,16","54,25","41,63","116,24","75,52","134,79","129,55","1663,28"
Italy,2016,"164,88","113,38","53,62","41,11","111,26","72,27","134,24","129,36","1704,86"
Italy,2017,"165,44","110,76","53,20","40,76","112,24","70,01","133,74","129,14","1744,49"
Italy,2018,"159,33","109,00","53,04","40,77","106,29","68,23","134,20","129,82","1777,74"
Italy,2019,"159,79","107,96","53,56","41,09","106,23","66,87","133,90","129,70","1804,07"
Italy,2020,"175,19","120,52","58,07","44,84","117,12","75,68","154,38","149,94","1670,01"
Italy,2021,"169,73","112,82","54,59","42,14","115,14","70,67","145,81","141,61","1842,51"
Italy,2022,"163,90","105,71","51,66","39,97","112,24","65,74","138,35","134,64","1998,07"
Italy,2023,"151,69","98,58","48,54","37,09","103,16","61,49","134,64","131,54","2131,39"
Italy,2024,"146,98","95,32","47,53","36,11","99,46","59,21","135,33","132,50","2192,18"
Japan,1996,"282,39","208,53","82,26","69,55","200,12","138,98","98,05","65,88","535562,00"
Japan,1997,"243,46","206,30","80,21","69,34","163,25","136,96","104,97","63,68","543545,30"
Japan,1998,"237,50","199,28","81,57","69,76","155,93","129,53","116,02","72,00","536497,40"
Japan,1999,"235,12","196,47","82,54","71,11","152,59","125,36","129,50","80,73","528069,90"
Japan,2000,"227,29","187,62","80,72","69,84","146,57","117,78","135,61","89,20","535417,80"
Japan,2001,"216,09","182,87","78,23","68,52","137,87","114,35","145,12","99,46","531653,90"
Japan,2002,"217,16","179,08","77,62","67,43","139,55","111,65","154,10","104,72","524478,70"
Japan,2003,"214,08","171,11","77,04","66,54","137,04","104,57","160,02","113,74","523968,70"
Japan,2004,"207,49","163,97","75,86","64,73","131,63","99,24","169,49","122,95","529400,90"
Japan,2005,"207,50","163,56","65,17","62,07","142,33","101,49","174,59","131,27","532515,60"
Japan,2006,"208,13","162,60","63,89","61,11","144,24","101,49","174,14","133,38","535170,20"
Japan,2007,"204,36","160,42","62,49","60,02","141,87","100,40","172,95","134,08","539281,70"
Japan,2008,"207,52","165,52","62,62","60,24","144,90","105,28","180,85","140,69","527823,80"
Japan,2009,"215,43","172,00","66,06","63,48","149,37","108,53","198,81","150,92","494938,40"
Japan,2010,"206,93","163,19","63,55","61,24","143,38","101,95","205,88","156,78","505530,60"
Japan,2011,"207,68","163,43","64,04","61,82","143,64","101,61","219,16","168,35","497449,00"
Japan,2012,"202,08","161,59","63,63","61,42","138,45","100,18","226,09","176,72","500474,60"
Japan,2013,"199,59","160,39","63,70","61,30","135,88","99,09","229,45","183,27","508700,60"
Japan,2014,"201,23","158,51","63,01","60,74","138,22","97,77","233,28","186,44","518811,10"
Japan,2015,"196,80","154,45","61,84","59,48","134,96","94,96","228,28","188,25","538032,40"
Japan,2016,"196,27","156,51","62,19","59,74","134,08","96,76","232,42","193,12","544364,60"
Japan,2017,"198,29","157,07","62,66","60,18","135,63","96,88","231,32","191,26","553073,00"
Japan,2018,"203,13","160,42","64,00","61,22","139,13","99,19","232,38","192,42","556630,10"
Japan,2019,"205,88","165,87","64,79","62,31","141,08","103,56","236,38","197,46","557910,90"
Japan,2020,"222,39","184,76","69,52","67,17","152,87","117,59","258,37","205,56","539646,10"
Japan,2021,"224,54","185,38","69,50","67,26","155,05","118,12","253,65","214,13","553068,30"
Japan,2022,"229,96","187,31","70,16","67,50","159,80","119,82","248,31","214,77","560464,30"
Japan,2023,"221,90","182,60","67,61","65,26","154,29","117,34","239,97","205,65","591912,50"
Japan,2024,"219,93","181,39","67,54","65,07","152,39","116,32","236,66","200,93","609432,60"
Korea,1996,,"140,74",,"46,24",,"94,50","7,81","7,25","507768,40"
Korea,1997,,"155,04",,"48,29",,"106,76","9,69","9,00","560502,00"
Korea,1998,,"153,70",,"44,50",,"109,20","13,82","12,83","556786,90"
Korea,1999,,"139,58",,"43,51",,"96,07","15,76","14,63","613069,30"
Korea,2000,,"133,38",,"47,55",,"85,83","16,09","14,94","675732,60"
Korea,2001,,"134,69",,"52,64",,"82,05","16,63","15,44","732723,10"
Korea,2002,,"141,05",,"61,72",,"79,32","16,44","15,57","813225,40"
Korea,2003,,"138,03",,"60,57",,"77,46","19,10","18,29","868110,60"
Korea,2004,,"129,69",,"58,11",,"71,58","21,60","20,80","942885,30"
Korea,2005,,"131,69",,"61,13",,"70,56","24,92","24,00","995175,50"
Korea,2006,,"142,21",,"65,00",,"77,21","27,04","26,13","1045663,20"
Korea,2007,,"147,90",,"66,46",,"81,44","26,35","25,48","1134541,30"
Korea,2008,"217,83","161,52","71,38","68,12","146,45","93,40","25,86","24,76","1202972,90"
Korea,2009,"226,82","166,61","73,15","70,14","153,67","96,46","28,79","27,57","1255305,40"
Korea,2010,"220,44","161,75","72,90","70,15","147,54","91,60","28,27","27,10","1379460,20"
Korea,2011,"224,24","165,70","76,04","73,30","148,20","92,40","31,70","27,81","1448575,70"
Korea,2012,"225,74","167,81","76,76","73,98","148,98","93,84","33,54","28,25","1504674,10"
Korea,2013,"226,92","168,36","77,61","74,91","149,31","93,45","36,00","29,54","1570938,10"
Korea,2014,"229,04","171,34","79,10","76,39","149,94","94,95","37,88","30,70","1638484,80"
Korea,2015,"227,48","172,27","81,75","79,16","145,73","93,11","38,84","31,97","1740776,00"
Korea,2016,"228,14","172,57","85,48","82,94","142,66","89,63","39,14","32,29","1833026,50"
Korea,2017,"226,76","172,64","87,27","84,82","139,49","87,82","38,01","32,44","1934233,90"
Korea,2018,"230,91","177,21","89,20","86,81","141,72","90,39","37,85","32,48","2006974,60"
Korea,2019,"238,15","185,08","92,08","89,57","146,08","95,50","39,73","34,25","2040594,30"
Korea,2020,"254,12","200,63","99,59","97,08","154,53","103,56","45,92","39,80","2058466,60"
Korea,2021,"263,43","205,60","101,32","98,67","162,11","106,93","47,99","42,27","2221913,00"
Korea,2022,"270,71","208,97","100,28","97,29","170,43","111,67","49,80","44,47","2323781,50"
Korea,2023,"263,19","206,52","96,43","93,55","166,76","112,97","50,70","45,50","2401189,40"
Korea,2024,"255,83","200,66","92,87","90,14","162,96","110,52","52,49","44,77","2549120,70"
Latvia,1996,"65,51","19,39","2,24","1,34","63,26","18,04","8,99","13,38","4,54"
Latvia,1997,"71,72","25,91","2,82","1,68","68,90","24,24","7,47","10,14","5,25"
Latvia,1998,"83,66","34,01","3,81","2,55","79,85","31,47","9,81","8,71","5,85"
Latvia,1999,"87,35","39,11","4,58","3,26","82,78","35,85","14,83","11,97","6,10"
Latvia,2000,"93,54","48,66","7,14","5,52","86,40","43,13","15,09","12,23","6,70"
Latvia,2001,"93,05","48,80","7,86","6,09","85,19","42,70","17,83","13,97","7,32"
Latvia,2002,"94,38","53,54","10,69","9,00","83,68","44,55","15,38","13,32","8,14"
Latvia,2003,"109,43","66,72","24,28","21,19","85,15","45,53","15,42","13,27","9,14"
Latvia,2004,"112,99","73,23","20,91","18,22","92,09","55,00","14,35","13,13","10,63"
Latvia,2005,"129,76","89,52","32,06","28,56","97,70","60,96","11,58","10,51","13,10"
Latvia,2006,"150,64","111,75","42,92","41,17","107,73","70,58","9,62","8,74","16,29"
Latvia,2007,"157,52","115,99","45,53","44,30","111,99","71,69","7,60","6,83","21,51"
Latvia,2008,"160,51","119,57","44,92","43,61","115,59","75,96","16,95","16,12","23,35"
Latvia,2009,"188,26","142,15","52,10","50,84","136,17","91,30","33,32","32,20","18,48"
Latvia,2010,"197,23","141,82","51,12","48,72","146,11","93,10","40,90","39,79","17,72"
Latvia,2011,"179,07","136,12","43,86","41,38","135,22","94,75","39,81","38,82","19,12"
Latvia,2012,"155,74","114,66","36,15","33,95","119,59","80,71","38,08","37,27","21,10"
Latvia,2013,"143,31","107,04","32,55","30,30","110,76","76,74","37,19","36,86","21,96"
Latvia,2014,"141,37","99,83","29,79","27,40","111,57","72,43","39,87","39,54","22,79"
Latvia,2015,"127,66","91,22","29,80","27,06","97,86","64,16","35,79","35,43","23,74"
Latvia,2016,"129,59","93,40","27,52","24,88","102,06","68,52","39,93","39,60","24,50"
Latvia,2017,"128,02","89,91","26,27","23,58","101,76","66,33","40,33","37,28","26,02"
Latvia,2018,"121,94","83,47","24,15","21,23","97,79","62,24","38,30","36,22","28,15"
Latvia,2019,"115,68","80,62","23,51","20,54","92,18","60,08","37,91","36,56","29,57"
Latvia,2020,"112,55","78,83","23,85","20,73","88,71","58,10","44,04","42,63","29,22"
Latvia,2021,"107,37","72,34","23,57","20,31","83,80","52,02","45,87","47,26","32,28"
Latvia,2022,"103,77","68,40","22,15","19,18","81,62","49,21","44,43","46,45","36,10"
Latvia,2023,"97,49","64,12","21,45","18,46","76,04","45,66","44,65","44,83","39,37"
Latvia,2024,"98,55","68,29","22,71","19,36","75,84","48,93","47,36","47,39","40,21"
Lithuania,1996,"48,16","21,84","2,81","1,29","45,35","20,55","13,82","13,64","9,78"
Lithuania,1997,"49,37","24,16","2,45","1,35","46,91","22,81","15,31","14,85","11,77"
Lithuania,1998,"52,63","26,33","1,78","1,46","50,85","24,87","16,48","15,83","13,07"
Lithuania,1999,"60,29","30,64","2,09","1,82","58,20","28,82","22,61","21,54","12,76"
Lithuania,2000,"62,94","31,41","2,08","1,62","60,86","29,79","23,49","22,16","13,37"
Lithuania,2001,"62,20","30,51","2,37","1,87","59,83","28,64","22,88","21,74","14,20"
Lithuania,2002,"66,31","31,64","3,69","3,08","62,62","28,56","22,13","21,18","15,21"
Lithuania,2003,"72,28","36,10","9,88","4,82","62,40","31,28","20,37","19,28","16,67"
Lithuania,2004,"80,48","42,00","10,02","9,01","70,47","32,99","18,62","17,70","18,29"
Lithuania,2005,"97,08","51,92","17,93","13,77","79,15","38,14","17,64","16,85","20,98"
Lithuania,2006,"112,13","64,86","25,58","20,50","86,55","44,36","17,30","16,45","24,00"
Lithuania,2007,"132,00","83,12","31,45","26,49","100,56","56,63","15,89","14,99","29,01"
Lithuania,2008,"132,27","84,40","34,02","28,44","98,26","55,96","14,59","13,42","32,64"
Lithuania,2009,"132,26","86,50","37,46","32,54","94,80","53,96","27,90","26,35","26,98"
Lithuania,2010,"126,74","79,52","35,70","30,05","91,04","49,48","36,70","34,10","27,66"
Lithuania,2011,"115,12","70,54","30,26","25,99","84,86","44,55","37,46","34,29","31,04"
Lithuania,2012,"110,69","66,78","28,95","23,73","81,74","43,05","39,90","36,89","33,24"
Lithuania,2013,"109,47","64,02","27,37","22,45","82,11","41,57","38,85","35,96","34,88"
Lithuania,2014,"103,95","60,12","27,24","21,57","76,71","38,55","40,71","37,80","36,41"
Lithuania,2015,"109,16","61,18","32,64","22,24","76,52","38,94","42,57","39,63","37,44"
Lithuania,2016,"113,39","64,67","31,43","22,83","81,96","41,84","39,97","37,49","38,81"
Lithuania,2017,"115,35","65,65","32,61","22,35","82,74","43,30","39,34","37,88","42,28"
Lithuania,2018,"113,62","65,91","32,54","22,38","81,09","43,53","33,34","32,31","45,95"
Lithuania,2019,"114,80","65,57","33,26","22,83","81,54","42,74","35,59","34,68","49,24"
Lithuania,2020,"117,23","63,50","34,14","23,96","83,08","39,54","45,89","44,96","50,25"
Lithuania,2021,"118,78","63,78","30,32","23,34","88,46","40,44","43,30","42,40","56,67"
Lithuania,2022,"118,20","61,04","26,04","21,79","92,16","39,25","38,06","37,29","67,45"
Lithuania,2023,"118,49","61,34","29,43","21,21","89,06","40,13","37,34","36,74","73,80"
Lithuania,2024,"122,37","63,75","31,20","22,02","91,18","41,73","38,22","37,65","78,41"
Luxemburg,1996,,"133,54",,"38,26",,"95,28","10,17","3,43","15,70"
Luxemburg,1997,,"154,46",,"40,20",,"114,25","10,06","3,75","16,32"
Luxemburg,1998,,"153,95",,"38,60",,"115,36","9,51","4,08","17,31"
Luxemburg,1999,"201,29","161,46","39,72","39,72","161,56","121,74","8,39","3,53","19,77"
Luxemburg,2000,"203,52","164,55","38,76","38,76","164,76","125,79","7,49","3,03","22,99"
Luxemburg,2001,"230,40","189,02","39,20","39,20","191,20","149,82","7,62","2,92","23,88"
Luxemburg,2002,"219,04","176,05","39,77","39,77","179,26","136,28","7,45","2,57","25,01"
Luxemburg,2003,"220,83","176,39","43,27","43,27","177,56","133,12","7,43","1,66","26,23"
Luxemburg,2004,"248,75","204,96","44,16","44,16","204,59","160,80","7,83","1,39","28,19"
Luxemburg,2005,"241,53","199,53","46,00","46,00","195,54","153,54","7,95","0,82","30,28"
Luxemburg,2006,"253,04","208,87","45,89","45,89","207,14","162,98","8,21","1,45","34,18"
Luxemburg,2007,"367,48","326,66","51,21","51,21","316,27","275,45","8,09","1,41","37,64"
Luxemburg,2008,"350,36","308,87","52,03","52,02","298,34","256,85","14,63","8,08","40,01"
Luxemburg,2009,"389,07","346,11","55,80","55,80","333,27","290,31","15,29","8,28","39,05"
Luxemburg,2010,"351,63","298,83","55,61","55,61","296,02","243,23","19,09","12,34","42,40"
Luxemburg,2011,"378,37","328,71","56,92","56,92","321,45","271,79","18,50","11,80","44,32"
Luxemburg,2012,"397,61","347,83","58,64","58,64","338,97","289,19","20,85","13,39","46,53"
Luxemburg,2013,"393,96","342,02","57,76","57,76","336,20","284,26","22,41","14,83","49,09"
Luxemburg,2014,"438,47","385,55","59,28","59,28","379,19","326,27","21,86","14,45","51,79"
Luxemburg,2015,"436,19","382,20","59,76","59,76","376,43","322,44","21,13","13,82","54,14"
Luxemburg,2016,"424,38","367,60","61,27","61,27","363,11","306,33","19,60","12,81","56,21"
Luxemburg,2017,"440,29","383,54","63,32","63,32","376,97","320,22","21,80","15,83","58,17"
Luxemburg,2018,"482,13","422,00","66,47","66,47","415,66","355,54","20,87","15,76","60,19"
Luxemburg,2019,"495,92","434,72","68,03","68,03","427,89","366,69","22,34","17,01","62,42"
Luxemburg,2020,"518,30","454,37","69,77","69,77","448,53","384,61","24,53","19,54","64,50"
Luxemburg,2021,"522,15","456,83","66,83","66,83","455,32","390,00","24,18","20,45","73,04"
Luxemburg,2022,"545,95","483,75","68,42","68,42","477,54","415,33","24,90","21,20","76,73"
Luxemburg,2023,"530,72","472,14","67,44","67,44","463,28","404,70","25,02",,"80,99"
Luxemburg,2024,"490,55","440,05","61,87","61,87","428,69","378,18","25,98",,"86,10"
Mexico,1996,,"38,61",,"10,43",,"28,19",,"23,93","3284,16"
Mexico,1997,,"33,04",,"9,26",,"23,79",,"19,74","4144,91"
Mexico,1998,,"30,25",,"8,76",,"21,48",,"21,01","5092,99"
Mexico,1999,,"25,68",,"8,06",,"17,62",,"19,48","6035,00"
Mexico,2000,,"23,93",,"7,33",,"16,60",,"18,19","7016,60"
Mexico,2001,,"22,61",,"7,58",,"15,03",,"17,57","7437,11"
Mexico,2002,,"23,45",,"8,30",,"15,15",,"19,22","7827,76"
Mexico,2003,"49,42","23,72","8,90","8,90","40,52","14,82",,"20,19","8259,53"
Mexico,2004,"44,62","22,84","9,54","9,54","35,08","13,31",,"19,20","9248,39"
Mexico,2005,"45,91","22,98","10,48","10,48","35,43","12,50",,"18,71","9999,60"
Mexico,2006,"44,47","24,42","11,35","11,35","33,12","13,07",,"19,15","11120,12"
Mexico,2007,"48,22","26,95","12,91","12,91","35,31","14,03",,"19,55","12046,75"
Mexico,2008,"56,42","28,60","12,65","12,65","43,77","15,94",,"22,95","12927,76"
Mexico,2009,"60,22","28,85","12,87","12,87","47,35","15,98",,"26,19","12749,12"
Mexico,2010,"57,87","28,53","12,67","12,67","45,20","15,87",,"25,74","13968,15"
Mexico,2011,"60,90","30,60","13,01","13,01","47,89","17,59",,"26,56","15268,44"
Mexico,2012,"64,25","30,58","13,32","13,32","50,93","17,26",,"26,94","16529,12"
Mexico,2013,"67,56","33,70","13,99","13,99","53,57","19,72",,"29,53","16954,01"
Mexico,2014,"71,00","35,21","14,07","14,07","56,93","21,14",,"31,44","18137,65"
Mexico,2015,"80,35","38,36","14,69","14,69","65,66","23,67",,"33,78","19228,61"
Mexico,2016,"88,48","41,47","15,46","15,46","73,03","26,01",,"35,88","20758,79"
Mexico,2017,"86,14","41,40","15,59","15,59","70,56","25,82",,"34,27","22536,21"
Mexico,2018,"84,38","40,65","15,61","15,61","68,77","25,05",,"34,40","24176,67"
Mexico,2019,"82,67","40,07","15,60","15,60","67,07","24,47",,"35,16","25121,82"
Mexico,2020,"90,13","42,80","16,73","16,73","73,40","26,07",,"40,28","24086,76"
Mexico,2021,"83,25","40,26","16,00","16,00","67,24","24,25",,"40,08","26690,03"
Mexico,2022,"75,66","38,71","15,98","15,98","59,68","22,72",,"39,40","29516,05"
Mexico,2023,"69,32","37,11","16,23","16,23","53,10","20,89",,"39,86","31855,57"
Mexico,2024,,"39,04",,"16,71",,"22,33",,"45,45","33913,83"
Netherlands,1996,"261,90","221,78","81,57","71,57","180,33","150,21","71,25",,"345,30"
Netherlands,1997,"257,34","227,80","85,22","77,53","172,12","150,27","65,70",,"369,66"
Netherlands,1998,"256,91","240,23","90,26","84,33","166,65","155,90","62,68",,"394,84"
Netherlands,1999,"269,97","253,68","95,98","90,75","173,99","162,93","58,60",,"420,14"
Netherlands,2000,"273,88","260,55","98,99","93,71","174,90","166,84","52,15",,"452,19"
Netherlands,2001,"268,91","257,21","99,74","94,96","169,18","162,26","49,41",,"482,94"
Netherlands,2002,"266,77","257,33","103,60","99,76","163,17","157,57","48,69",,"502,90"
Netherlands,2003,"280,76","274,94","110,34","106,86","170,41","168,08","49,80",,"514,90"
Netherlands,2004,"279,81","275,43","113,66","110,66","166,16","164,77","50,10",,"531,57"
Netherlands,2005,"289,24","280,91","118,69","114,06","170,55","166,85","49,58",,"553,12"
Netherlands,2006,"281,28","276,33","117,30","115,60","163,98","160,72","44,96",,"587,44"
Netherlands,2007,"276,50","275,64","117,57","115,86","158,93","159,78","42,74",,"622,78"
Netherlands,2008,"277,68","278,92","119,83","116,67","157,85","162,25","54,35",,"651,30"
Netherlands,2009,"332,37","292,38","134,41","124,91","197,96","167,46","56,29",,"630,17"
Netherlands,2010,"350,02","309,64","135,85","125,94","214,17","183,70","58,90",,"643,02"
Netherlands,2011,"362,97","324,07","133,59","125,09","229,38","198,98","61,17",,"656,01"
Netherlands,2012,"372,74","333,57","133,95","125,54","238,79","208,03","65,69",,"658,23"
Netherlands,2013,"376,21","337,38","131,53","122,75","244,69","214,63","67,16",,"665,57"
Netherlands,2014,"381,23","346,38","125,96","120,64","255,27","225,74","67,17",,"678,63"
Netherlands,2015,"380,35","346,30","124,30","119,06","256,06","227,25","63,80",,"699,18"
Netherlands,2016,"383,66","349,26","122,68","117,95","260,98","231,31","60,88",,"720,18"
Netherlands,2017,"378,38","344,99","120,25","115,75","258,13","229,23","55,99",,"750,86"
Netherlands,2018,"367,26","335,01","117,03","112,93","250,23","222,08","51,52",,"787,27"
Netherlands,2019,"350,57","319,96","113,34","109,49","237,22","210,48","47,60",,"829,77"
Netherlands,2020,"367,68","335,79","118,27","114,58","249,41","221,20","53,35",,"816,46"
Netherlands,2021,"353,88","321,42","112,42","108,99","241,46","212,43","50,43",,"891,55"
Netherlands,2022,"333,23","301,21","105,15","101,49","228,07","199,73","48,35",,"993,82"
Netherlands,2023,"306,58","277,85","99,25","95,50","207,33","182,35","45,10",,"1067,60"
Netherlands,2024,"290,98","264,04","97,03","93,60","193,95","170,44","43,23",,"1134,12"
New Zealand,1996,,"122,25",,"50,34",,"71,91",,"37,26","100,49"
New Zealand,1997,,"134,44",,"54,66",,"79,77",,"34,64","103,87"
New Zealand,1998,,"138,44",,"57,62",,"80,82",,"34,48","105,87"
New Zealand,1999,,"141,41",,"61,28",,"80,13",,"32,00","111,22"
New Zealand,2000,,"147,20",,"61,87",,"85,32",,"30,02","118,34"
New Zealand,2001,,"144,45",,"62,37",,"82,08",,"28,16","126,30"
New Zealand,2002,,"148,51",,"64,71",,"83,80",,"26,40","133,69"
New Zealand,2003,,"150,24",,"70,73",,"79,51",,"24,72","141,53"
New Zealand,2004,,"159,72",,"75,35",,"84,37",,"22,50","153,01"
New Zealand,2005,,"172,91",,"82,59",,"90,32",,"20,78","160,80"
New Zealand,2006,,"184,06",,"88,44",,"95,63",,"18,40","168,96"
New Zealand,2007,,"190,85",,"91,43",,"99,42",,"16,31","183,20"
New Zealand,2008,,"198,99",,"91,81",,"107,18",,"18,97","189,77"
New Zealand,2009,,"195,03",,"93,10",,"101,93",,"24,27","192,36"
New Zealand,2010,,"186,39",,"90,02",,"96,37",,"29,60","202,05"
New Zealand,2011,,"177,72",,"86,99",,"90,73",,"34,68","211,29"
New Zealand,2012,,"178,66",,"87,99",,"90,67",,"35,66","216,34"
New Zealand,2013,,"175,14",,"88,12",,"87,02",,"34,55","228,26"
New Zealand,2014,,"173,44",,"87,35",,"86,08",,"34,15","241,09"
New Zealand,2015,,"174,80",,"89,55",,"85,25",,"34,17","251,98"
New Zealand,2016,,"176,37",,"92,11",,"84,25",,"33,34","266,99"
New Zealand,2017,,"173,47",,"90,79",,"82,68",,"31,10","286,73"
New Zealand,2018,,"172,35",,"91,09",,"81,26",,"28,08","302,69"
New Zealand,2019,,"170,56",,"91,74",,"78,82",,"31,81","320,04"
New Zealand,2020,,"174,49",,"97,15",,"77,34",,"43,24","323,90"
New Zealand,2021,,"170,74",,"97,78",,"72,96",,"47,52","353,02"
New Zealand,2022,,"165,00",,"93,29",,"71,71",,"46,89","385,58"
New Zealand,2023,,"159,03",,"89,90",,"69,13",,"46,98","412,46"
New Zealand,2024,,"160,04",,"90,25",,"69,79",,"51,15","425,49"
Norway,1996,"195,43","139,35","57,67","53,80","137,75","85,55","28,45","27,01","1054,67"
Norway,1997,"208,22","150,48","57,79","53,71","150,42","96,77","25,76","24,20","1141,34"
Norway,1998,"222,32","165,25","60,72","56,29","161,60","108,96","23,57","21,80","1163,68"
Norway,1999,"241,83","164,23","60,28","56,12","181,55","108,11","24,96","20,43","1266,46"
Norway,2000,"227,04","156,31","56,42","52,45","170,62","103,86","28,67","18,95","1509,13"
Norway,2001,"224,05","164,00","60,59","56,32","163,46","107,68","27,23","17,79","1566,71"
Norway,2002,"233,73","173,63","66,49","62,25","167,24","111,38","33,94","18,61","1564,15"
Norway,2003,"231,59","176,38","70,61","66,61","160,98","109,77","43,08","20,92","1624,09"
Norway,2004,"228,39","181,57","71,51","67,63","156,88","113,94","43,83","17,94","1788,12"
Norway,2005,"227,19","180,92","72,40","68,66","154,79","112,26","42,33","16,73","1997,04"
Norway,2006,"228,05","182,47","73,45","69,91","154,60","112,56","52,59","12,11","2224,87"
Norway,2007,"246,70","200,71","77,30","73,52","169,40","127,19","49,52","11,24","2360,17"
Norway,2008,"258,59","214,73","74,35","71,17","184,24","143,56","47,55","13,35","2622,12"
Norway,2009,"272,15","224,25","84,23","81,18","187,92","143,07","42,54","25,73","2439,71"
Norway,2010,"273,51","224,46","84,74","81,49","188,77","142,97","42,95","25,07","2605,35"
Norway,2011,"263,07","217,29","84,43","81,12","178,65","136,17","29,61","19,84","2809,93"
Norway,2012,"267,76","224,43","85,54","82,60","182,21","141,83","30,91","20,69","2983,08"
Norway,2013,"263,32","222,20","88,41","85,46","174,91","136,74","31,43","19,55","3090,34"
Norway,2014,"269,39","227,91","92,02","88,91","177,37","139,00","29,66","15,35","3161,78"
Norway,2015,"290,77","248,59","98,69","95,17","192,08","153,42","34,33","15,42","3130,18"
Norway,2016,"299,98","255,43","104,94","101,50","195,04","153,93","37,94","16,55","3116,04"
Norway,2017,"285,32","243,91","104,49","101,21","180,83","142,71","38,26","15,71","3323,10"
Norway,2018,"274,76","232,55","102,59","99,32","172,18","133,23","39,41","14,65","3576,58"
Norway,2019,"289,89","246,46","107,06","103,60","182,83","142,86","40,56","14,20","3596,94"
Norway,2020,"321,17","276,42","117,14","113,04","204,04","163,39","46,11","18,43","3461,58"
Norway,2021,"284,86","237,81","99,47","95,11","185,39","142,70","41,64","15,09","4323,93"
Norway,2022,"243,95","200,69","77,58","74,68","166,37","126,01","36,11","12,79","5732,91"
Norway,2023,"277,35","231,05","90,22","86,94","187,13","144,11","44,21","13,89","5101,56"
Norway,2024,"278,23","232,95","91,97","88,62","186,26","144,34","42,72","14,88","5198,05"
Poland,1996,"60,56","25,77","3,87","3,71","56,69","22,06","43,17","42,82","424,59"
Poland,1997,"68,40","27,27","5,04","4,52","63,37","22,75","42,71","42,26","517,99"
Poland,1998,"76,77","33,57","7,39","6,32","69,39","27,25","38,69","38,97","603,97"
Poland,1999,"84,59","36,76","7,47","6,28","77,12","30,48","39,37","39,42","669,09"
Poland,2000,"92,60","39,48","8,23","7,12","84,37","32,36","36,40","36,09","748,18"
Poland,2001,"101,65","42,21","12,69","8,88","88,96","33,33","37,16","32,78","783,55"
Poland,2002,"106,22","48,80","15,78","12,83","90,44","35,97","41,57","41,06","814,76"
Poland,2003,"88,43","47,66","13,59","12,94","74,85","34,72","46,41","44,77","850,00"
Poland,2004,"81,76","42,57","13,93","13,23","67,83","29,33","44,91","43,93","937,34"
Poland,2005,"81,82","43,19","15,70","14,96","66,12","28,23","46,47","46,44","993,29"
Poland,2006,"86,83","49,77","19,23","18,29","67,61","31,48","47,10","46,44","1073,37"
Poland,2007,"95,48","56,76","23,48","22,63","72,00","34,13","44,43","42,17","1189,43"
Poland,2008,"107,14","69,59","30,77","29,94","76,38","39,65","46,56","44,17","1290,42"
Poland,2009,"107,71","69,51","32,24","31,53","75,47","37,98","49,70","45,91","1375,64"
Poland,2010,"112,46","72,68","34,98","34,26","77,47","38,42","53,75","48,68","1441,65"
Poland,2011,"116,12","76,64","35,93","35,19","80,19","41,45","54,78","49,31","1563,94"
Poland,2012,"113,67","76,83","34,95","34,23","78,73","42,60","54,47","48,94","1622,24"
Poland,2013,"118,19","79,46","36,23","35,47","81,96","43,99","56,86","51,17","1637,77"
Poland,2014,"120,71","82,06","36,63","35,80","84,08","46,26","51,13","45,61","1710,19"
Poland,2015,"121,76","83,23","36,63","35,84","85,12","47,39","51,06","46,12","1809,56"
Poland,2016,"126,67","85,98","37,33","36,53","89,34","49,45","54,13","49,77","1865,96"
Poland,2017,"120,68","81,14","35,63","34,78","85,05","46,35","50,44","46,50","1996,84"
Poland,2018,"120,00","79,95","35,48","34,61","84,53","45,34","48,23","44,43","2147,59"
Poland,2019,"117,66","77,14","34,84","34,04","82,82","43,10","45,21","42,06","2313,93"
Poland,2020,"119,45","78,59","35,12","34,25","84,33","44,34","56,58","46,45","2362,91"
Poland,2021,"113,45","73,83","32,71","31,86","80,74","41,97","53,01","42,76","2661,52"
Poland,2022,"105,85","65,22","26,82","26,21","79,03","39,01","48,79","39,94","3100,85"
Poland,2023,"101,38","59,75","24,31","23,70","77,07","36,05","49,72","39,58","3401,61"
Poland,2024,"94,45","58,42","23,49","22,89","70,96","35,53","55,28","45,04","3617,44"
Portugal,1996,"156,78","102,28","40,28","32,80","116,50","69,48","63,31","61,31","94,35"
Portugal,1997,"162,08","106,13","44,52","37,27","117,56","68,87","58,72","57,28","102,33"
Portugal,1998,"174,26","118,91","50,25","43,97","124,02","74,93","55,62","55,08","111,35"
Portugal,1999,"188,69","131,21","58,32","52,74","130,38","78,47","55,41","55,42","119,60"
Portugal,2000,"201,60","142,75","63,27","58,82","138,33","83,93","54,19","53,56","128,41"
Portugal,2001,"213,64","154,35","68,87","63,45","144,77","90,90","57,38","56,10","135,78"
Portugal,2002,"226,23","160,29","74,41","67,37","151,83","92,93","60,04","58,45","142,55"
Portugal,2003,"237,21","167,57","77,87","71,44","159,35","96,13","63,90","62,10","146,07"
Portugal,2004,"252,48","176,64","82,85","75,74","169,63","100,90","67,10","65,12","152,25"
Portugal,2005,"255,30","180,86","86,34","79,82","168,96","101,05","72,25","69,67","158,55"
Portugal,2006,"263,27","184,24","89,90","83,80","173,37","100,44","73,68","71,10","166,26"
Portugal,2007,"275,58","193,90","92,71","86,79","182,87","107,11","72,73","70,19","175,48"
Portugal,2008,"285,83","206,30","93,73","88,91","192,10","117,39","75,64","73,15","179,10"
Portugal,2009,"297,63","215,40","98,17","92,18","199,46","123,22","87,80","84,72","175,42"
Portugal,2010,"297,37","217,96","96,91","91,06","200,47","126,90","100,08","96,96","179,86"
Portugal,2011,"308,26","223,08","100,21","90,64","208,05","132,44","114,02","111,48","176,32"
Portugal,2012,"319,07","231,04","100,90","90,18","218,17","140,86","128,60","127,54","168,54"
Portugal,2013,"305,41","219,30","96,15","85,50","209,26","133,80","130,84","130,31","170,68"
Portugal,2014,"293,95","208,37","92,42","80,93","201,53","127,44","132,45","133,02","173,19"
Portugal,2015,"277,62","197,35","88,14","76,00","189,48","121,34","131,02","131,88","179,39"
Portugal,2016,"264,66","184,66","83,33","71,62","181,33","113,04","131,18","132,62","186,38"
Portugal,2017,"256,17","177,87","79,94","68,40","176,23","109,47","126,03","128,65","195,51"
Portugal,2018,"244,88","168,16","76,46","65,44","168,41","102,72","121,11","124,27","205,00"
Portugal,2019,"241,79","160,17","77,13","62,94","164,65","97,23","116,11","119,01","214,49"
Portugal,2020,"262,73","176,16","84,66","68,32","178,07","107,84","134,10","137,94","201,03"
Portugal,2021,"255,11","168,34","82,10","65,98","173,01","102,35","123,88","128,26","216,49"
Portugal,2022,"234,55","152,22","74,76","60,30","159,80","91,92","111,23","116,08","243,96"
Portugal,2023,"211,58","137,07","68,05","54,80","143,53","82,27","97,73","103,70","267,92"
Portugal,2024,"202,18","130,55","66,37","53,32","135,80","77,22","94,93","101,54","285,19"
Slovak Republic,1996,"136,97","60,19","28,06","3,23","108,91","56,96","30,34",,"22,25"
Slovak Republic,1997,"136,13","58,91","24,92","3,61","111,21","55,30","32,82",,"24,58"
Slovak Republic,1998,"136,35","62,62","22,58","4,09","113,77","58,53","33,78",,"26,80"
Slovak Republic,1999,"129,21","59,04","21,72","3,63","107,49","55,41","47,00",,"28,61"
Slovak Republic,2000,"117,23","47,39","22,72","4,25","94,52","43,14","50,50",,"31,63"
Slovak Republic,2001,"114,56","46,89","22,44","5,81","92,12","41,08","51,20",,"34,31"
Slovak Republic,2002,"117,23","50,93","23,22","5,74","94,01","45,19","45,37",,"37,27"
Slovak Republic,2003,"108,17","47,03","22,66","7,09","85,51","39,95","43,52",,"41,21"
Slovak Republic,2004,"100,03","47,18","19,47","8,18","80,55","39,00","41,88",,"46,00"
Slovak Republic,2005,"94,38","49,26","20,47","12,31","73,92","36,95","34,88",,"50,28"
Slovak Republic,2006,"94,32","52,26","19,39","14,04","74,93","38,22","31,43","35,48","56,35"
Slovak Republic,2007,"97,97","61,00","21,36","18,00","76,60","43,00","30,34","34,76","63,18"
Slovak Republic,2008,"97,72","65,26","26,70","20,88","71,02","44,39","28,61","33,87","68,56"
Slovak Republic,2009,"101,37","70,30","27,22","23,67","74,15","46,63","36,38","42,60","64,06"
Slovak Republic,2010,"98,01","67,49","26,75","24,37","71,26","43,12","40,64","46,01","68,73"
Slovak Republic,2011,"104,76","71,95","28,03","26,02","76,73","45,93","43,25","48,53","71,63"
Slovak Republic,2012,"108,52","75,09","31,50","28,01","77,02","47,07","51,67","57,71","73,73"
Slovak Republic,2013,"116,56","78,93","33,34","29,54","83,22","49,39","54,58","57,57","74,64"
Slovak Republic,2014,"124,04","83,93","35,81","32,28","88,24","51,66","53,35","56,76","76,56"
Slovak Republic,2015,"122,93","84,57","37,52","34,19","85,41","50,38","51,52","55,79","80,38"
Slovak Republic,2016,"133,97","93,58","41,09","38,08","92,88","55,49","52,05","56,86","81,62"
Slovak Republic,2017,"131,78","96,27","41,59","40,73","90,19","55,53","51,29","55,74","84,96"
Slovak Republic,2018,"136,63","96,33","44,85","42,16","91,78","54,18","49,19","54,18","90,28"
Slovak Republic,2019,"133,85","96,87","45,20","43,42","88,65","53,45","47,92","52,70","94,55"
Slovak Republic,2020,"138,40","100,19","48,93","46,10","89,47","54,08","58,30","64,03","94,32"
Slovak Republic,2021,"138,95","97,92","48,12","46,24","90,83","51,68","60,06","65,31","101,96"
Slovak Republic,2022,"142,21","98,93","48,96","46,95","93,25","51,98","57,57","65,00","110,09"
Slovak Republic,2023,"127,74","90,36","46,69","43,98","81,05","46,38","56,00","61,43","122,92"
Slovak Republic,2024,"123,17","88,34","45,88","43,40","77,29","44,94","58,02","64,04","129,97"
Slovenia,1996,"95,25","42,01","16,80","13,89","78,45","28,11","21,60","19,98","12,13"
Slovenia,1997,"94,84","42,37","16,93","12,32","77,90","30,05","22,10","20,34","13,81"
Slovenia,1998,"97,08","49,56","17,82","15,16","79,26","34,40","22,82","21,05","15,29"
Slovenia,1999,"104,98","55,37","20,78","16,06","84,20","39,31","23,82","21,74","17,15"
Slovenia,2000,"110,89","60,30","21,44","16,06","89,45","44,23","26,09","22,57","18,73"
Slovenia,2001,"113,45","63,89","21,27","15,47","92,18","48,42","26,32","24,49","20,94"
Slovenia,2002,"114,94","66,37","21,25","15,54","93,69","50,84","27,68","25,46","23,27"
Slovenia,2003,"117,53","70,01","21,68","15,85","95,86","54,16","27,03","24,52","25,38"
Slovenia,2004,"117,34","74,54","21,66","16,38","95,68","58,16","27,10","24,35","27,42"
Slovenia,2005,"133,05","84,60","24,45","18,97","108,60","65,63","26,59","24,17","28,91"
Slovenia,2006,"138,83","90,04","26,35","21,66","112,48","68,38","26,21","23,49","31,29"
Slovenia,2007,"160,39","104,60","29,84","24,67","130,56","79,93","22,94","21,17","34,94"
Slovenia,2008,"170,96","115,28","30,73","25,72","140,23","89,56","21,89","19,03","37,74"
Slovenia,2009,"180,98","125,29","33,90","28,78","147,07","96,51","34,94","30,93","35,83"
Slovenia,2010,"178,21","126,06","35,68","30,53","142,52","95,53","38,61","32,97","36,05"
Slovenia,2011,"173,45","125,66","34,92","30,08","138,53","95,58","46,81","41,21","36,78"
Slovenia,2012,"176,02","124,84","35,87","30,97","140,15","93,87","54,07","46,85","35,93"
Slovenia,2013,"162,26","113,03","34,70","29,86","127,55","83,17","70,84","61,03","36,04"
Slovenia,2014,"147,37","101,54","33,44","28,46","113,94","73,08","81,13","69,80","37,27"
Slovenia,2015,"135,64","91,97","32,31","27,80","103,32","64,18","83,42","70,87","38,49"
Slovenia,2016,"129,30","85,44","32,08","27,48","97,22","57,96","79,43","67,80","40,01"
Slovenia,2017,"125,24","80,86","31,65","27,30","93,60","53,57","74,89","67,42","42,63"
Slovenia,2018,"121,27","77,10","31,40","27,09","89,86","50,02","71,01","64,19","45,46"
Slovenia,2019,"116,09","73,78","30,90","26,94","85,19","46,85","66,02","59,31","48,16"
Slovenia,2020,"118,42","74,65","31,86","27,87","86,56","46,78","80,17","73,43","46,74"
Slovenia,2021,"117,42","71,70","30,36","26,43","87,06","45,27","74,83","68,96","52,02"
Slovenia,2022,"117,39","70,79","29,47","25,93","87,92","44,86","72,74","66,50","56,91"
Slovenia,2023,"105,83","63,69","27,44","23,92","78,39","39,77","68,39","62,28","63,95"
Slovenia,2024,"102,62","61,94","27,65","24,31","74,97","37,63","67,04","61,59","66,97"
Spain,1996,"129,90","82,58","41,45","32,32","88,45","50,27","65,44","54,78","488,95"
Spain,1997,"133,32","85,92","43,18","34,49","90,14","51,43","64,29","53,75","518,97"
Spain,1998,"144,71","92,05","46,52","38,10","98,20","53,96","62,35","52,13","555,56"
Spain,1999,"162,68","107,52","50,57","42,32","112,10","65,21","60,85","50,96","595,24"
Spain,2000,"177,26","122,25","53,71","45,64","123,55","76,61","57,84","48,61","647,57"
Spain,2001,"187,19","131,40","55,00","47,32","132,19","84,08","54,05","45,01","700,96"
Spain,2002,"191,99","138,08","58,94","51,21","133,05","86,88","51,24","42,89","749,74"
Spain,2003,"202,71","148,28","64,02","56,71","138,69","91,57","47,69","39,93","802,68"
Spain,2004,"217,92","162,04","70,27","63,49","147,65","98,55","45,33","38,59","860,06"
Spain,2005,"238,32","179,54","77,05","70,88","161,26","108,66","42,40","35,75","928,12"
Spain,2006,"262,70","201,47","84,21","78,22","178,49","123,26","39,02","32,48","1004,98"
Spain,2007,"275,74","216,45","86,67","81,95","189,07","134,50","35,70","29,59","1077,54"
Spain,2008,"271,47","221,41","86,87","82,77","184,60","138,64","39,61","33,16","1112,43"
Spain,2009,"274,77","229,89","89,19","84,99","185,57","144,90","53,08","45,45","1072,99"
Spain,2010,"268,67","230,99","89,26","84,31","179,41","146,68","60,27","51,17","1077,15"
Spain,2011,"263,94","226,38","87,17","82,45","176,77","143,93","69,53","58,37","1068,69"
Spain,2012,"254,95","217,94","85,99","81,41","168,97","136,53","89,56","77,13","1035,96"
Spain,2013,"251,54","207,98","82,03","77,61","169,51","130,37","100,00","87,55","1025,65"
Spain,2014,"239,72","193,79","77,33","73,14","162,39","120,65","104,42","91,17","1038,95"
Spain,2015,"223,54","180,04","71,05","67,61","152,49","112,42","102,44","90,45","1087,11"
Spain,2016,"216,12","172,20","67,73","64,10","148,39","108,10","101,97","89,89","1122,97"
Spain,2017,"207,52","161,67","64,72","60,85","142,81","100,82","101,14","89,79","1170,02"
Spain,2018,"200,36","156,12","62,51","58,61","137,86","97,51","99,72","89,39","1212,28"
Spain,2019,"195,47","151,87","60,43","56,52","135,04","95,34","97,58","87,48","1253,71"
Spain,2020,"217,80","170,78","66,45","62,14","151,34","108,64","119,18","106,95","1129,21"
Spain,2021,"205,26","159,16","61,50","57,18","143,77","101,99","115,59","103,72","1235,47"
Spain,2022,"184,87","143,02","55,65","51,46","129,22","91,56","109,40","99,02","1373,63"
Spain,2023,"165,50","130,11","49,77","46,10","115,72","84,01","105,03","95,82","1498,32"
Spain,2024,,"123,99",,"43,70",,"80,28","101,82","93,57","1591,63"
Sweden,1996,"182,02","130,74","43,99","43,51","138,03","87,23","68,93","79,05","1957,83"
Sweden,1997,"193,34","137,17","44,49","43,98","148,85","93,19","67,70","80,52","2048,08"
Sweden,1998,"200,49","141,86","44,98","44,41","155,51","97,45","65,40","79,72","2153,55"
Sweden,1999,"206,94","147,19","46,41","45,82","160,53","101,37","60,28","74,65","2266,55"
Sweden,2000,"219,03","154,24","47,91","47,20","171,12","107,05","50,44","66,55","2408,79"
Sweden,2001,"229,85","161,85","54,98","49,32","174,87","112,53","51,99","59,05","2504,80"
Sweden,2002,"218,06","160,81","56,50","51,17","161,57","109,65","49,84","56,25","2603,44"
Sweden,2003,"203,32","158,29","58,77","53,72","144,56","104,56","49,44","54,81","2701,42"
Sweden,2004,"199,87","158,84","61,51","56,74","138,35","102,10","48,67","53,43","2826,00"
Sweden,2005,"211,98","167,34","65,73","60,69","146,25","106,65","48,90","53,54","2927,14"
Sweden,2006,"185,59","141,33","68,48","63,05","117,11","78,28","43,84","48,42","3117,51"
Sweden,2007,"204,46","162,02","70,64","64,99","133,82","97,03","39,20","42,85","3312,15"
Sweden,2008,"229,88","189,18","73,25","68,66","156,62","120,52","37,95","41,09","3391,89"
Sweden,2009,"241,57","202,24","80,36","75,97","161,21","126,27","41,19","44,63","3324,15"
Sweden,2010,"230,56","190,49","81,07","76,39","149,49","114,10","38,59","41,11","3551,53"
Sweden,2011,"233,11","194,09","81,20","76,98","151,92","117,11","37,67","39,90","3704,84"
Sweden,2012,"235,35","196,87","83,55","79,69","151,80","117,18","37,99","40,57","3724,51"
Sweden,2013,"248,04","210,52","85,09","81,58","162,95","128,95","40,78","43,21","3804,99"
Sweden,2014,"240,58","203,53","86,07","82,74","154,52","120,79","45,69","46,01","3963,68"
Sweden,2015,"249,20","212,41","86,29","83,00","162,91","129,41","44,46","44,69","4231,75"
Sweden,2016,"249,35","211,57","89,29","85,94","160,06","125,63","42,79","42,89","4402,73"
Sweden,2017,"258,36","219,51","91,42","88,02","166,94","131,48","41,56","41,61","4582,91"
Sweden,2018,"255,79","216,04","92,17","88,75","163,62","127,29","39,81","40,20","4792,29"
Sweden,2019,"263,64","224,65","92,03","88,80","171,61","135,85","35,69","36,54","5033,44"
Sweden,2020,"278,41","238,37","97,78","93,98","180,63","144,39","40,14","42,18","5020,98"
Sweden,2021,"282,90","241,98","95,94","92,22","186,96","149,76","36,69","38,81","5464,88"
Sweden,2022,"287,54","243,30","92,94","89,13","194,60","154,17","33,63","37,13","5865,21"
Sweden,2023,"250,03","208,03","88,45","84,54","161,58","123,49","31,46","33,62","6212,14"
Sweden,2024,"286,82","246,56","86,10","82,69","200,71","163,87","32,64","34,43","6447,50"
Switzerland,1996,,"196,49",,,,,"51,34","20,63","420,54"
Switzerland,1997,,"195,40",,,,,"53,67","22,26","427,88"
Switzerland,1998,,"191,61",,,,,"55,94","24,32","439,64"
Switzerland,1999,"187,43","199,77","105,82","103,74","81,61","96,03","52,69","22,48","447,01"
Switzerland,2000,"180,23","191,27","103,10","100,80","77,13","90,46","52,23","22,15","471,70"
Switzerland,2001,"176,82","186,79","101,95","99,36","74,87","87,43","51,08","21,69","483,97"
Switzerland,2002,"179,26","187,97","105,63","102,88","73,63","85,09","57,70","24,93","482,51"
Switzerland,2003,"186,54","195,74","110,31","107,52","76,23","88,22","56,88","24,94","487,67"
Switzerland,2004,"185,14","194,40","110,45","107,91","74,69","86,49","57,80","24,81","501,70"
Switzerland,2005,"186,53","195,66","111,63","109,16","74,90","86,50","54,88","24,58","520,81"
Switzerland,2006,"184,41","193,13","109,47","107,20","74,94","85,93","48,46","21,75","554,07"
Switzerland,2007,"191,48","201,33","105,62","103,65","85,86","97,68","44,75","19,50","589,47"
Switzerland,2008,"190,79","198,59","103,39","101,37","87,40","97,22","44,82","18,71","614,04"
Switzerland,2009,"207,53","214,55","109,11","107,04","98,42","107,51","43,09","17,57","602,69"
Switzerland,2010,"208,42","214,58","109,68","107,66","98,75","106,92","41,46","16,67","624,01"
Switzerland,2011,"216,67","221,50","112,18","110,24","104,48","111,25","41,88","16,39","635,72"
Switzerland,2012,"225,03","229,13","115,20","113,08","109,83","116,05","42,57","16,37","643,77"
Switzerland,2013,"208,67","230,07","118,61","116,53","90,06","113,55","41,95","16,01","655,09"
Switzerland,2014,"231,86","229,94","121,48","119,56","110,38","110,38","42,07","15,40","665,71"
Switzerland,2015,"235,91","234,07","124,18","122,34","111,72","111,72","42,16","14,71","667,71"
Switzerland,2016,"243,05","241,10","125,79","123,83","117,26","117,26","40,93","13,71","677,73"
Switzerland,2017,"253,09","251,15","128,32","126,38","124,77","124,77","41,75","14,17","684,90"
Switzerland,2018,"246,56","244,46","127,51","125,42","119,04","119,04","39,78","12,82","709,86"
Switzerland,2019,"268,21","266,05","129,18","127,03","139,03","139,03","39,64","12,27","717,33"
Switzerland,2020,"279,10","276,80","137,26","134,96","141,84","141,84","43,20","13,85","696,04"
Switzerland,2021,"281,73","279,55","132,48","130,30","149,25","149,25","40,98","13,49","744,51"
Switzerland,2022,"273,45","271,29","128,40","126,24","145,05","145,05","37,19","13,85","791,10"
Switzerland,2023,"265,61","263,50","128,15","126,04","137,46","137,46","38,68","14,04","804,03"
Switzerland,2024,"263,87","261,72","127,59","125,43","136,28","136,28","37,58","13,65","824,74"
Turkiye,1996,,,,,,,,"32,72","20,35"
Turkiye,1997,,,,,,,,"32,18","39,72"
Turkiye,1998,,,,,,,,"30,31","71,94"
Turkiye,1999,,,,,,,,"38,85","107,37"
Turkiye,2000,,,,,,,"51,32","37,18","171,49"
Turkiye,2001,,,,,,,"75,51","72,06","247,27"
Turkiye,2002,,,,,,,"71,51","67,14","362,11"
Turkiye,2003,,,,,,,"65,16","59,99","472,17"
Turkiye,2004,,,,,,,"57,16","54,38","582,85"
Turkiye,2005,,,,,,,"50,20","48,79","680,28"
Turkiye,2006,,,,,,,"44,23","43,42","795,76"
Turkiye,2007,,,,,,,"37,76","37,61","887,71"
Turkiye,2008,,,,,,,"37,75","37,98","1002,76"
Turkiye,2009,,,,,,,"43,21","43,92","1006,37"
Turkiye,2010,"139,76","55,69","16,35","15,96","123,41","39,72","39,51","40,61","1167,66"
Turkiye,2011,"130,26","60,96","17,45","17,01","112,82","43,95","35,91","36,95","1404,93"
Turkiye,2012,"133,61","62,48","18,58","18,05","115,03","44,42","32,23","33,70","1581,48"
Turkiye,2013,"146,47","71,34","19,85","19,45","126,62","51,88","30,89","32,15","1823,43"
Turkiye,2014,"150,52","74,45","19,00","18,56","131,52","55,88","28,28","29,81","2054,90"
Turkiye,2015,"158,11","79,23","18,19","17,73","139,92","61,49","27,16","28,85","2350,94"
Turkiye,2016,"169,22","84,41","17,95","17,47","151,26","66,94","27,75","28,93","2626,56"
Turkiye,2017,"168,98","83,76","17,39","16,88","151,59","66,88","27,78","27,97","3133,70"
Turkiye,2018,"170,33","82,33","15,11","14,57","155,22","67,76","29,86","28,37","3761,17"
Turkiye,2019,"165,71","79,46","15,16","14,60","150,55","64,86","32,39","30,78","4317,81"
Turkiye,2020,"179,74","88,11","18,05","17,41","161,70","70,70","39,45","35,91","5048,57"
Turkiye,2021,"183,99","87,32","14,97","14,43","169,02","72,89","40,38","37,87","7256,14"
Turkiye,2022,"147,81","64,70","11,25","10,79","136,56","53,91","30,80","26,88","15011,78"
Turkiye,2023,"137,94","57,30","11,27","10,78","126,67","46,52","29,26","25,38","26545,72"
Turkiye,2024,,"48,01",,"9,64",,"38,37","25,97","21,32","43410,51"
United Kingdom,1996,"149,76","108,70","63,77","56,80","85,99","51,90","44,74","42,62","909,99"
United Kingdom,1997,"153,91","112,03","64,71","57,68","89,20","54,35","44,13","42,35","953,41"
United Kingdom,1998,"173,72","120,03","67,13","59,81","106,59","60,22","41,97","40,27","998,50"
United Kingdom,1999,"166,44","128,71","69,79","63,12","96,66","65,60","40,41","38,93","1043,25"
United Kingdom,2000,"183,53","136,01","72,00","65,27","111,53","70,74","37,69","37,33","1100,75"
United Kingdom,2001,"194,79","144,39","76,56","69,21","118,23","75,17","34,96","34,61","1146,14"
United Kingdom,2002,"218,65","154,39","83,45","75,02","135,20","79,37","35,43","35,00","1191,44"
United Kingdom,2003,"214,00","154,59","89,88","79,82","124,12","74,77","36,76","36,18","1258,33"
United Kingdom,2004,"217,75","158,15","95,64","85,38","122,11","72,77","39,80","39,05","1322,64"
United Kingdom,2005,"221,84","165,65","97,56","87,43","124,28","78,22","41,00","40,16","1398,75"
United Kingdom,2006,"223,00","172,19","103,98","91,59","119,03","80,60","42,06","41,12","1472,04"
United Kingdom,2007,"227,38","175,99","105,68","94,75","121,70","81,24","43,17","42,19","1544,64"
United Kingdom,2008,"240,96","185,28","104,86","95,29","136,10","89,99","50,83","49,95","1593,60"
United Kingdom,2009,"247,24","185,22","107,46","98,07","139,77","87,15","64,92","64,05","1548,80"
United Kingdom,2010,"235,63","177,05","103,20","94,95","132,43","82,10","75,86","74,89","1608,55"
United Kingdom,2011,"245,86","172,47","100,46","92,34","145,40","80,14","81,43","80,47","1662,59"
United Kingdom,2012,"242,06","173,13","98,80","90,87","143,26","82,26","84,48","83,53","1713,72"
United Kingdom,2013,"225,23","167,46","96,68","89,70","128,55","77,76","85,32","84,41","1781,36"
United Kingdom,2014,"234,85","159,97","95,51","88,29","139,34","71,68","87,09","86,16","1862,51"
United Kingdom,2015,"227,49","157,77","95,30","88,13","132,20","69,64","87,87","86,90","1916,45"
United Kingdom,2016,"236,81","163,30","95,17","88,12","141,65","75,19","87,83","86,77","1991,65"
United Kingdom,2017,"226,30","163,73","93,71","87,20","132,59","76,53","86,72","85,64","2082,48"
United Kingdom,2018,"207,94","158,55","92,68","86,86","115,26","71,69","86,35","85,28","2152,30"
United Kingdom,2019,"200,10","156,99","91,00","85,70","109,10","71,28","85,66","84,69","2233,92"
United Kingdom,2020,"226,79","176,69","99,39","92,91","127,40","83,78","105,84","104,85","2103,49"
United Kingdom,2021,"199,81","163,86","92,82","87,80","106,99","76,05","105,13","104,31","2285,40"
United Kingdom,2022,"170,77","148,60","87,31","82,46","83,46","66,14","99,61","99,01","2526,43"
United Kingdom,2023,"162,20","142,24","82,94","78,31","79,26","63,93","100,36","99,75","2711,19"
United Kingdom,2024,"156,50","137,32","80,82","76,18","75,68","61,15","101,29","100,72","2850,99"
United States,1996,"169,56","122,35","67,55","65,85","102,01","56,49","68,23","55,72","8073,13"
United States,1997,"168,15","124,08","67,66","65,94","100,50","58,13","65,84","53,10","8577,55"
United States,1998,"177,18","129,40","69,12","67,43","108,07","61,97","62,60","50,07","9062,83"
United States,1999,"185,04","133,95","71,04","69,37","114,00","64,58","59,03","46,85","9631,18"
United States,2000,"196,30","136,72","72,34","70,71","123,96","66,01","53,17","41,38","10250,95"
United States,2001,"203,09","141,41","76,15","74,58","126,94","66,83","53,33","39,05","10581,93"
United States,2002,"209,02","145,62","81,00","79,31","128,02","66,30","55,72","38,55","10929,10"
United States,2003,"206,45","149,31","86,78","85,10","119,67","64,21","58,80","39,37","11456,45"
United States,2004,"210,27","153,25","90,78","89,06","119,49","64,19","66,28","41,25","12217,18"
United States,2005,"216,19","157,34","94,18","92,44","122,02","64,90","65,61","42,01","13039,20"
United States,2006,"222,55","163,86","98,37","96,61","124,18","67,25","64,34","42,12","13815,60"
United States,2007,"230,59","170,59","100,21","98,40","130,38","72,19","64,74","41,78","14474,25"
United States,2008,"235,64","170,67","97,85","95,89","137,79","74,78","73,59","43,19","14769,85"
United States,2009,"235,24","169,50","98,96","96,72","136,29","72,78","86,79","53,49","14478,05"
United States,2010,"226,22","160,65","93,49","91,50","132,73","69,15","95,35","61,77","15048,98"
United States,2011,"222,15","156,05","89,62","87,58","132,53","68,47","99,68","70,43","15599,73"
United States,2012,"218,40","152,69","85,37","83,39","133,03","69,30","103,24","74,94","16253,95"
United States,2013,"218,36","151,61","83,46","81,55","134,90","70,06","104,52","79,28","16880,68"
United States,2014,"218,61","150,62","80,74","78,75","137,87","71,87","104,43","81,20","17608,13"
United States,2015,"221,08","150,78","78,98","76,95","142,11","73,83","104,85","82,13","18295,00"
United States,2016,"226,06","152,47","79,06","77,04","147,00","75,43","106,78","83,77","18804,90"
United States,2017,"223,24","154,14","78,63","76,65","144,61","77,49","105,73","84,56","19612,10"
United States,2018,"223,62","153,43","76,96","75,03","146,66","78,40","107,04","83,44","20656,53"
United States,2019,"229,64","153,13","76,73","74,65","152,91","78,48","108,20","86,39","21539,98"
United States,2020,"238,48","164,61","80,21","77,98","158,28","86,63","132,03","92,64","21354,13"
United States,2021,"229,40","159,82","79,14","77,01","150,26","82,82","124,72","104,65","23681,18"
United States,2022,"230,71","153,93","76,65","74,59","154,07","79,34","118,81","101,42","26006,90"
United States,2023,"224,47","147,73","73,87","71,83","150,60","75,90","119,00","100,18","27720,73"
United States,2024,"216,62","143,12","71,40","69,35","145,22","73,77","120,79","102,69","29184,90"
